,Time,no_empty_0.5_rep_1,no_empty_0.5_rep_2,no_empty_0.5_rep_3,no_empty_1_rep_1,no_empty_1_rep_2,no_empty_1_rep_3,no_empty_2.5_rep_1,no_empty_2.5_rep_2,no_empty_2.5_rep_3,no_empty_5_rep_1,no_empty_5_rep_2,no_empty_5_rep_3,no_empty_10_rep_1,no_empty_10_rep_2,no_empty_10_rep_3,no_empty_15_rep_1,no_empty_15_rep_2,no_empty_15_rep_3,no_empty_30_rep_1,no_empty_30_rep_2,no_empty_30_rep_3,empty_0.5_rep_1,empty_0.5_rep_2,empty_0.5_rep_3,empty_1_rep_1,empty_1_rep_2,empty_1_rep_3,empty_2.5_rep_1,empty_2.5_rep_2,empty_2.5_rep_3,empty_5_rep_1,empty_5_rep_2,empty_5_rep_3,empty_10_rep_1,empty_10_rep_2,empty_10_rep_3,empty_15_rep_1,empty_15_rep_2,empty_15_rep_3,empty_30_rep_1,empty_30_rep_2,empty_30_rep_3,empty_T7_0.5_rep_1,empty_T7_0.5_rep_2,empty_T7_0.5_rep_3,empty_T7_1_rep_1,empty_T7_1_rep_2,empty_T7_1_rep_3,empty_T7_2.5_rep_1,empty_T7_2.5_rep_2,empty_T7_2.5_rep_3,empty_T7_5_rep_1,empty_T7_5_rep_2,empty_T7_5_rep_3,empty_T7_15_rep_1,empty_T7_15_rep_2,empty_T7_15_rep_3,empty_T7_10_rep_1,empty_T7_10_rep_2,empty_T7_10_rep_3,empty_T7_30_rep_1,empty_T7_30_rep_2,empty_T7_30_rep_3,empty_sigma70_0.5_rep_1,empty_sigma70_0.5_rep_2,empty_sigma70_0.5_rep_3,empty_sigma70_1_rep_1,empty_sigma70_1_rep_2,empty_sigma70_1_rep_3,empty_sigma70_2.5_rep_1,empty_sigma70_2.5_rep_2,empty_sigma70_2.5_rep_3,empty_sigma70_5_rep_1,empty_sigma70_5_rep_2,empty_sigma70_5_rep_3,empty_sigma70_10_rep_1,empty_sigma70_10_rep_2,empty_sigma70_10_rep_3,empty_sigma70_15_rep_1,empty_sigma70_15_rep_2,empty_sigma70_15_rep_3,empty_sigma70_30_rep_1,empty_sigma70_30_rep_2,empty_sigma70_30_rep_3,blank_rep_1,blank_rep_2,blank_rep_3
3,00:00:00,0,0,10,4,0,16,4,11,3,25,0,0,0,13,8,5,8,0,11,4,8,0,0,13,0,7,0,15,0,0,15,2,17,2,0,7,0,0,10,5,2,14,0,0,0,6,0,4,11,6,3,7,10,4,3,0,0,0,0,24,16,1,18,0,17,10,8,7,0,12,4,12,3,11,8,9,0,3,12,9,9,0,7,13,0,12,0
4,00:03:00,6,7,20,0,0,12,6,8,4,0,3,0,0,6,23,9,12,20,5,9,0,0,0,6,3,0,2,4,5,6,6,0,4,17,14,9,0,10,19,0,8,4,13,0,11,1,1,1,2,9,0,10,0,13,23,16,0,21,9,0,5,0,8,5,11,0,10,3,14,18,0,2,6,0,0,3,1,10,4,0,0,0,0,4,0,0,9
5,00:06:00,18,15,0,2,19,9,8,0,4,0,0,0,0,0,1,0,1,13,0,11,1,14,0,7,10,3,8,0,0,13,0,14,2,15,2,0,0,6,0,9,8,0,0,1,2,7,0,11,5,0,14,3,0,0,7,10,11,1,6,9,0,0,17,17,8,2,7,6,0,1,0,0,6,0,7,4,0,5,10,0,7,2,0,5,0,10,10
6,00:09:00,5,1,15,0,0,0,7,1,0,8,9,0,8,0,0,6,15,0,1,3,11,0,3,14,6,0,13,22,0,4,21,7,6,3,0,5,11,0,3,0,10,17,12,18,2,0,13,0,10,6,0,17,0,0,11,9,14,0,6,9,0,0,4,3,10,2,0,21,7,7,0,0,14,0,5,0,0,2,2,0,0,0,11,7,0,7,1
7,00:12:00,9,0,5,0,13,0,1,0,9,2,5,0,1,7,1,2,17,0,6,0,0,0,0,14,0,12,6,6,5,18,0,12,5,9,3,0,3,1,12,1,14,0,0,0,1,0,8,18,0,0,0,0,0,0,6,5,0,16,0,4,20,0,0,0,3,6,4,0,0,0,2,11,3,0,4,6,15,11,15,0,2,1,17,0,20,6,4
8,00:15:00,12,0,17,15,0,0,2,2,0,10,0,3,0,2,0,0,0,0,12,3,23,4,0,3,2,15,7,17,0,0,6,0,0,4,11,0,0,0,0,3,4,4,0,10,21,4,2,0,0,3,2,5,0,0,21,1,0,0,0,8,5,7,6,2,17,0,18,0,9,7,1,11,3,26,8,0,8,1,4,8,0,14,16,11,3,3,3
9,00:18:00,6,12,2,16,0,16,5,3,0,12,0,2,0,3,0,0,12,0,8,20,9,1,6,10,6,5,5,7,8,6,2,7,3,0,0,6,1,0,8,10,18,10,0,0,0,0,0,8,0,11,3,2,0,9,7,2,0,3,4,0,11,17,23,0,7,5,1,0,0,0,0,11,0,0,0,5,0,0,2,16,0,6,6,8,15,8,4
10,00:21:00,3,1,0,1,14,6,6,0,0,0,0,0,0,8,11,11,5,8,5,25,12,4,1,5,9,0,7,17,4,5,13,0,16,2,27,0,9,3,3,31,12,27,1,1,0,0,1,1,1,0,1,6,0,5,7,6,0,11,7,9,27,20,23,13,0,0,7,0,17,0,12,10,4,18,14,8,11,23,6,14,0,14,14,23,2,3,0
11,00:24:00,5,11,0,8,0,19,16,0,2,1,0,7,6,13,0,7,12,0,26,33,36,9,2,0,4,0,0,9,17,6,9,3,6,22,0,0,7,9,2,48,37,28,1,0,0,1,5,1,0,11,0,9,0,15,12,12,15,12,19,13,39,46,47,8,12,5,8,0,16,8,12,5,0,0,18,12,2,11,14,16,10,27,31,19,0,1,0
12,00:27:00,2,0,12,0,0,16,0,2,3,3,0,15,5,0,0,20,5,14,30,36,49,0,18,5,13,7,1,0,4,16,11,0,0,4,16,0,0,10,18,51,45,47,0,0,0,0,22,5,0,0,1,12,8,0,0,4,14,12,5,16,49,67,43,21,1,8,0,5,0,2,18,4,0,4,6,1,8,0,17,20,10,45,32,24,0,15,8
13,00:30:00,11,0,0,6,0,1,10,0,10,0,10,0,9,0,16,12,18,7,42,61,61,0,0,0,0,7,0,17,12,0,0,12,0,14,9,12,20,12,5,68,65,59,11,7,6,9,5,5,0,4,13,8,11,5,11,10,11,26,14,13,80,80,81,5,13,0,0,8,7,4,0,2,0,4,0,25,14,30,23,24,27,55,49,58,0,12,0
14,00:33:00,0,18,0,0,6,0,0,21,8,0,10,0,20,13,16,16,31,13,73,65,90,0,0,11,0,12,13,1,17,2,19,1,6,10,15,9,19,23,21,98,90,79,12,3,3,0,0,7,16,0,5,12,15,2,19,15,25,31,11,22,97,106,92,7,11,4,0,0,0,0,12,3,2,4,8,17,19,17,44,41,26,78,68,67,0,3,11
15,00:36:00,8,5,10,3,1,0,1,2,8,1,19,6,13,25,7,11,21,21,92,100,116,0,0,0,12,0,1,17,0,0,0,11,12,3,7,7,22,26,41,116,114,97,2,1,12,0,0,7,17,8,0,11,2,11,25,20,22,19,23,32,133,149,140,0,18,2,5,11,27,12,4,15,5,10,10,21,31,28,47,44,31,112,96,101,9,0,0
16,00:39:00,0,0,0,13,3,0,2,6,0,1,9,6,19,21,22,38,18,24,110,121,143,0,8,2,6,0,15,5,7,2,0,24,20,16,24,12,54,38,42,172,150,111,19,22,13,0,4,9,12,9,21,17,23,9,49,18,37,21,34,32,164,164,162,13,6,9,11,9,0,1,16,10,30,9,18,20,26,25,55,64,47,143,117,112,17,0,0
17,00:42:00,5,13,0,0,0,9,12,0,1,17,8,0,8,16,25,41,31,28,153,167,169,3,5,1,7,0,5,2,5,0,3,17,9,34,34,33,74,63,45,180,170,164,5,4,4,10,8,0,3,9,14,24,23,14,50,30,39,38,43,57,197,208,225,0,23,5,9,8,3,0,0,9,21,32,21,29,33,35,77,81,57,171,162,161,6,16,0
18,00:45:00,0,13,9,2,4,0,4,5,1,15,16,10,20,24,20,41,42,28,161,214,205,0,9,14,9,4,7,9,2,3,5,14,23,38,49,24,80,66,77,228,214,196,8,2,2,10,9,0,9,19,18,28,17,13,61,40,43,50,52,65,236,255,261,5,7,3,2,2,0,19,6,11,17,11,29,36,42,53,99,81,68,207,183,185,6,1,7
19,00:48:00,0,0,0,4,0,13,10,0,6,4,4,23,35,46,32,58,37,51,191,247,226,13,10,3,2,6,0,8,5,7,3,27,20,51,64,47,91,69,84,291,258,236,4,0,0,10,3,9,26,9,16,20,19,41,73,43,50,57,72,56,299,297,313,3,10,22,20,7,0,23,17,14,23,30,39,51,62,68,128,117,103,255,224,232,5,4,9
20,00:51:00,5,12,11,0,5,3,12,12,16,13,19,0,40,31,51,75,54,69,243,293,285,6,0,0,5,0,3,18,10,17,25,23,22,48,55,53,94,78,86,335,314,269,0,3,0,6,0,17,2,8,2,33,29,22,94,74,72,75,81,93,323,332,355,0,4,0,0,3,12,15,17,24,38,32,31,78,75,66,135,131,113,303,261,280,8,0,0
21,00:54:00,0,1,0,7,1,6,0,9,0,6,1,18,46,43,41,88,81,54,274,352,325,12,9,8,7,10,1,0,5,21,22,12,6,53,70,57,112,103,115,381,351,315,11,14,4,2,7,12,11,6,1,35,32,25,112,84,100,79,92,76,386,385,408,8,9,4,0,11,8,40,12,21,47,33,23,87,70,87,169,151,132,355,307,315,8,8,8
22,00:57:00,0,14,4,4,0,6,0,0,0,7,8,18,34,55,64,92,80,73,341,393,374,13,5,11,0,0,3,6,8,13,24,19,11,77,84,53,131,127,132,436,386,351,12,4,13,0,12,12,0,18,0,48,44,44,128,77,103,89,92,106,420,432,471,17,24,13,11,2,0,28,25,23,37,36,44,98,96,108,190,182,142,418,347,356,0,9,7
23,01:00:00,4,19,8,0,1,1,2,8,2,13,0,18,56,69,69,120,82,86,365,454,440,0,2,0,0,0,2,23,11,18,20,34,31,97,94,84,163,144,168,490,433,403,0,9,16,3,1,0,25,9,18,51,37,56,151,84,110,114,117,113,460,495,512,2,2,1,9,5,13,30,27,32,58,44,57,104,108,117,210,202,169,474,394,406,0,4,7
24,01:03:00,6,9,0,2,0,2,9,0,0,13,19,9,59,65,82,133,100,109,422,494,483,0,10,7,0,5,0,20,10,7,26,61,47,86,101,73,162,155,171,562,505,456,13,9,15,17,15,18,27,30,18,67,56,61,159,95,138,128,154,135,529,570,575,0,0,6,4,8,4,28,29,27,47,50,52,135,131,143,237,250,192,523,456,449,7,3,3
25,01:06:00,9,1,0,13,1,2,1,0,17,27,21,22,62,74,90,153,121,106,476,579,534,11,8,0,2,4,11,12,13,8,24,49,40,102,127,103,200,195,183,602,543,499,11,7,0,8,0,17,11,25,26,73,61,62,176,110,154,146,164,132,610,640,653,8,4,13,2,9,3,28,26,24,75,41,49,128,151,148,274,264,220,576,505,511,17,2,9
26,01:09:00,0,8,6,8,0,11,0,0,0,37,18,18,86,74,98,177,130,129,533,618,583,0,17,0,11,26,16,14,0,7,45,72,46,103,136,105,234,210,213,662,600,550,15,1,0,9,7,14,24,35,26,80,69,75,194,135,183,162,170,158,658,680,712,0,9,2,25,14,19,37,21,30,76,50,65,153,169,170,294,280,249,643,563,559,15,14,4
27,01:12:00,0,7,7,14,0,10,10,17,15,34,15,12,84,85,127,190,141,146,570,668,641,4,17,7,2,15,7,13,10,7,29,52,51,133,152,116,254,225,239,706,664,611,0,0,13,2,27,8,32,37,20,93,89,87,215,148,205,181,195,161,718,765,764,8,4,7,2,19,12,36,30,23,78,65,61,163,182,196,319,332,270,717,605,605,0,4,0
28,01:15:00,16,10,0,13,18,10,7,3,7,31,28,21,90,113,125,210,167,138,635,731,705,17,7,0,0,1,0,29,16,19,48,61,45,125,162,130,287,253,253,770,703,645,1,17,10,6,18,9,33,28,34,96,79,98,239,158,228,199,215,168,798,831,808,7,16,11,10,27,4,46,32,38,89,75,80,196,210,202,355,357,304,752,689,677,5,0,4
29,01:18:00,0,3,16,0,7,12,15,0,2,35,25,22,108,113,134,231,175,175,682,800,753,9,21,0,21,7,0,6,7,24,63,68,40,140,181,148,306,296,282,829,779,730,5,0,15,14,19,1,38,39,28,96,89,103,262,163,237,191,222,161,849,873,850,8,7,11,16,14,18,45,42,46,88,83,100,210,229,236,402,382,343,831,735,744,2,4,0
30,01:21:00,4,1,16,7,1,11,19,15,18,21,29,37,107,130,130,256,197,190,737,863,823,5,0,0,0,11,14,14,16,13,65,90,50,161,207,156,334,300,314,884,856,775,14,18,14,14,23,3,57,42,34,115,104,104,276,169,264,227,256,202,913,935,931,13,10,14,7,19,16,43,30,60,109,96,84,232,254,251,423,411,382,876,784,781,4,14,2
31,01:24:00,0,3,1,13,0,0,0,2,13,16,33,28,121,137,150,253,208,198,795,924,883,12,18,6,13,13,11,2,17,25,69,82,59,178,204,180,360,337,344,947,908,815,14,10,9,20,11,29,33,41,31,117,126,115,284,185,282,239,257,203,966,979,954,21,17,0,21,23,22,54,54,40,99,99,96,247,261,271,451,472,419,932,829,831,10,0,1
32,01:27:00,5,17,0,16,0,5,19,4,0,34,28,27,137,146,190,292,231,227,823,1010,938,8,8,11,11,17,0,23,28,32,71,90,63,176,239,204,410,357,373,1001,973,894,19,2,16,3,18,18,46,36,34,135,122,127,313,202,284,264,277,201,1023,1001,1004,17,16,1,9,20,12,63,47,56,122,110,106,268,289,295,468,487,431,965,881,889,14,8,7
33,01:30:00,8,0,0,3,1,4,14,0,19,31,50,25,132,161,192,312,230,240,907,1030,1007,1,11,14,4,3,0,36,24,28,78,86,65,196,241,208,415,391,409,1062,1036,944,16,9,14,10,15,13,45,49,40,154,120,149,335,209,315,270,283,222,1048,1060,1045,7,24,2,13,27,2,51,51,56,130,111,102,287,308,310,522,509,462,1011,921,936,1,3,0
34,01:33:00,0,4,4,13,19,1,15,7,8,22,38,40,152,172,206,337,245,266,947,1099,1050,20,13,8,10,15,0,29,31,17,99,104,80,221,266,226,442,417,431,1102,1072,1002,20,6,8,17,17,14,53,54,51,144,142,148,347,219,329,277,313,226,1110,1104,1084,28,7,15,16,28,6,66,53,57,138,120,125,314,335,332,558,545,500,1044,996,989,3,0,0
35,01:36:00,0,7,8,13,1,18,24,8,3,52,57,25,171,196,209,348,269,270,1012,1146,1112,0,2,9,9,11,10,28,19,46,99,106,90,221,290,232,478,435,452,1168,1119,1050,11,8,10,20,13,12,55,53,33,146,140,160,369,237,359,295,326,254,1149,1139,1108,11,22,11,21,17,19,48,59,58,143,118,130,328,350,359,563,569,556,1109,1029,1026,0,12,9
36,01:39:00,12,0,2,8,5,0,12,12,1,36,54,40,170,186,242,375,287,300,1047,1187,1169,0,4,21,16,20,7,31,24,31,88,114,110,238,298,252,493,477,472,1216,1181,1112,20,15,10,17,24,16,62,50,46,169,141,167,389,234,378,310,324,253,1210,1159,1161,12,5,12,24,10,33,65,63,51,142,133,133,338,371,386,609,621,572,1127,1085,1108,12,0,4
37,01:42:00,0,0,0,0,6,1,16,11,24,44,64,32,189,205,228,412,302,330,1112,1247,1225,6,11,14,13,5,5,29,33,38,105,114,101,256,300,270,530,503,510,1248,1207,1148,12,12,22,20,20,13,55,63,48,160,179,167,388,241,379,317,339,268,1259,1215,1189,13,16,9,19,21,18,75,67,72,162,152,151,366,387,399,661,654,607,1183,1128,1124,0,8,8
38,01:45:00,2,0,1,11,11,4,19,17,15,51,74,44,200,226,240,427,333,347,1146,1297,1279,1,10,20,14,14,24,52,42,50,120,127,109,269,306,282,564,533,539,1310,1263,1221,4,12,15,21,22,5,59,63,61,163,155,176,408,249,402,334,361,269,1277,1251,1207,19,12,13,30,9,17,71,69,63,172,147,162,385,404,406,675,673,638,1218,1171,1170,1,25,0
39,01:48:00,0,14,3,6,0,1,23,15,14,37,69,35,207,240,248,447,343,351,1217,1352,1310,20,1,11,11,7,13,40,46,33,122,144,117,276,336,291,588,561,584,1311,1321,1256,14,19,0,20,22,22,55,55,72,180,174,183,414,275,410,336,360,292,1324,1265,1222,18,17,9,25,24,32,85,67,80,175,171,165,399,422,417,720,704,663,1257,1201,1209,1,0,0
40,01:51:00,2,0,3,0,16,11,17,18,19,49,69,55,222,232,264,479,375,373,1233,1394,1368,5,2,9,12,12,10,47,46,40,118,144,112,306,358,303,616,584,597,1391,1337,1299,10,15,18,11,0,21,65,79,65,196,174,194,456,273,428,340,364,284,1337,1282,1240,32,24,2,22,30,42,76,84,82,184,166,173,436,435,448,743,732,711,1278,1232,1241,6,9,0
41,01:54:00,14,12,1,3,6,6,23,2,11,71,63,61,238,257,277,488,375,405,1299,1446,1423,13,6,1,19,32,11,42,34,43,128,146,118,317,379,329,645,611,620,1431,1360,1350,17,7,22,35,14,39,74,61,51,208,199,198,448,289,449,371,376,306,1364,1316,1283,30,4,6,29,30,23,96,80,85,194,186,186,456,472,482,762,764,744,1334,1275,1283,2,5,6
42,01:57:00,6,0,14,17,6,0,19,25,15,62,73,45,235,272,287,521,397,433,1336,1496,1501,9,0,15,16,13,15,60,45,38,158,148,126,345,389,363,676,644,676,1461,1408,1386,25,8,12,31,18,22,50,67,78,192,204,208,461,277,464,375,394,303,1391,1335,1299,6,13,13,32,41,16,94,84,98,197,195,193,466,499,506,799,796,755,1358,1303,1302,14,0,20
43,02:00:00,11,9,15,19,15,4,30,19,12,68,70,63,239,281,286,540,421,442,1398,1535,1516,12,21,9,28,9,3,38,44,50,142,165,131,366,399,365,691,661,703,1502,1460,1441,10,8,10,23,12,31,73,72,79,211,209,206,480,290,465,386,402,292,1426,1348,1322,11,17,15,30,34,30,90,91,82,201,212,211,484,488,522,828,826,790,1397,1334,1345,0,0,0
44,02:03:00,7,8,0,4,11,1,27,11,22,73,69,54,271,290,307,556,430,469,1447,1593,1570,11,1,8,11,20,11,53,57,40,169,170,150,378,407,370,738,688,740,1533,1484,1479,12,15,10,29,5,27,65,73,78,217,199,225,491,289,473,403,403,325,1458,1390,1340,12,11,18,21,25,37,94,85,87,222,225,218,482,528,535,855,852,829,1429,1370,1364,4,0,7
45,02:06:00,14,6,0,0,12,0,24,25,11,60,72,61,269,294,308,587,464,480,1494,1623,1593,3,3,7,20,12,6,40,58,58,157,151,147,399,432,402,771,719,740,1563,1505,1512,8,24,11,27,22,36,71,74,72,227,216,227,499,313,489,401,415,345,1469,1400,1373,21,24,5,30,31,40,102,101,86,205,220,194,538,551,576,904,892,858,1438,1399,1386,6,16,4
46,02:09:00,4,4,12,4,32,3,22,19,29,61,77,62,278,315,328,602,471,508,1536,1655,1661,16,14,16,17,17,12,41,50,48,181,179,162,427,446,437,780,728,774,1594,1555,1543,0,7,24,26,24,33,75,80,72,226,213,215,502,296,488,412,420,334,1490,1411,1373,26,21,2,32,39,17,93,114,103,215,218,220,529,555,591,912,918,877,1484,1430,1439,0,8,1
47,02:12:00,0,0,0,13,7,10,21,29,29,46,90,79,295,332,344,620,483,521,1571,1682,1688,22,16,17,21,18,11,62,55,53,181,185,165,435,462,453,786,777,792,1619,1566,1565,0,7,14,26,31,33,89,74,61,231,235,233,528,310,526,437,444,334,1525,1419,1382,16,17,19,30,31,35,97,103,103,240,250,221,533,589,612,949,941,904,1486,1479,1454,12,0,4
48,02:15:00,1,1,15,3,8,9,34,26,26,82,95,74,309,338,352,636,516,546,1605,1722,1729,14,10,18,6,13,16,48,29,61,198,177,170,448,472,451,831,804,830,1671,1589,1609,10,21,24,36,31,26,65,69,85,230,230,240,534,300,530,427,431,347,1527,1431,1398,18,21,5,39,34,40,96,111,109,241,239,239,563,605,624,962,977,935,1524,1483,1481,22,0,0
49,02:18:00,0,0,8,19,12,14,25,24,27,71,91,77,316,352,349,667,548,576,1663,1763,1722,28,23,19,10,21,31,68,62,71,193,199,169,469,480,473,851,815,861,1680,1644,1632,34,10,21,27,33,29,85,72,67,236,225,251,543,318,531,442,445,351,1578,1453,1413,21,31,19,38,33,45,117,109,93,254,241,251,580,618,636,989,999,951,1543,1527,1520,5,0,14
50,02:21:00,0,10,12,22,6,12,31,52,33,90,95,75,328,371,382,692,547,584,1705,1805,1791,1,8,4,12,20,35,58,66,63,199,186,166,485,514,481,873,857,874,1705,1655,1664,14,11,6,37,38,34,86,81,67,237,235,249,557,324,527,446,451,350,1579,1464,1430,5,17,6,50,38,26,103,107,103,261,242,247,602,650,648,1033,1037,973,1562,1539,1528,2,3,0
51,02:24:00,0,0,5,22,17,6,27,19,17,87,106,86,331,383,378,713,583,601,1732,1857,1819,19,0,0,39,22,15,57,67,71,214,206,185,506,520,500,897,861,892,1724,1668,1659,23,17,8,32,32,25,95,93,86,239,247,254,564,323,540,436,461,368,1608,1475,1423,26,17,29,36,28,25,110,127,114,259,290,257,609,656,663,1057,1047,1006,1579,1570,1564,0,17,0
52,02:27:00,0,6,6,2,33,7,22,27,37,91,108,86,360,390,405,720,611,624,1759,1850,1855,11,6,15,20,25,3,68,64,70,227,208,203,533,530,523,926,895,928,1754,1706,1683,13,5,8,26,27,29,77,86,74,268,248,262,572,326,547,442,453,371,1612,1506,1456,29,25,17,31,37,42,128,121,113,271,267,279,632,683,692,1064,1056,1017,1590,1570,1571,1,10,1
53,02:30:00,0,0,0,11,14,8,23,20,17,102,110,89,362,405,410,750,631,632,1789,1852,1888,18,9,14,32,25,27,70,74,70,221,212,207,536,545,521,941,904,942,1766,1722,1729,8,25,13,38,35,24,92,81,92,256,234,254,574,336,562,451,458,376,1645,1514,1459,29,17,21,46,53,36,131,131,131,277,255,291,649,702,692,1094,1100,1054,1615,1582,1593,0,5,20
54,02:33:00,3,1,13,17,10,18,24,26,22,93,108,87,380,397,414,753,645,667,1831,1897,1871,24,11,17,16,18,30,57,81,80,248,231,208,558,552,545,963,945,947,1775,1731,1743,21,11,20,33,43,33,89,76,86,257,247,264,588,332,571,456,477,391,1655,1514,1477,19,25,25,48,53,23,139,110,123,277,285,285,672,721,714,1105,1099,1080,1620,1633,1612,26,12,0
55,02:36:00,10,23,11,11,21,21,26,27,32,97,113,99,392,419,435,800,672,689,1849,1924,1918,1,18,16,14,25,34,63,65,69,255,225,219,567,577,563,1004,959,1005,1799,1773,1767,21,26,16,30,27,32,90,97,94,275,254,261,582,348,564,459,484,375,1678,1502,1476,7,24,14,41,43,39,120,110,126,296,289,282,665,734,718,1141,1121,1098,1650,1637,1623,14,6,11
56,02:39:00,5,10,6,17,9,8,19,27,37,99,120,95,403,431,428,800,701,689,1879,1938,1931,16,16,0,32,20,16,53,55,78,252,246,224,572,579,568,1004,981,1005,1823,1793,1781,11,19,24,45,33,39,79,96,87,268,265,269,604,332,570,462,480,387,1700,1549,1498,26,27,22,39,47,37,132,116,130,305,304,290,687,742,760,1154,1152,1129,1653,1658,1623,1,6,1
57,02:42:00,0,6,19,11,13,15,36,20,35,85,119,106,423,450,464,841,720,708,1876,1954,1953,14,22,32,28,29,23,81,66,83,269,236,240,583,595,597,1018,996,1014,1843,1791,1794,19,24,16,22,48,34,86,108,94,276,253,259,599,349,573,468,483,392,1698,1544,1477,35,20,17,37,50,33,140,130,134,294,308,287,686,765,755,1175,1168,1145,1700,1647,1673,29,5,3
58,02:45:00,6,2,12,9,8,11,45,24,30,100,113,99,436,457,460,849,714,738,1925,1991,1963,0,0,10,37,35,23,76,81,70,257,252,241,609,608,606,1040,1029,1030,1849,1811,1816,22,12,16,28,17,29,104,109,97,260,264,267,599,340,578,479,486,396,1727,1540,1501,19,27,10,64,34,52,134,144,120,303,322,309,721,771,784,1184,1193,1163,1688,1669,1678,10,0,3
59,02:48:00,6,2,2,0,21,19,32,26,40,103,122,98,443,478,477,871,741,754,1933,1997,2005,13,14,10,27,3,27,85,77,74,274,239,250,626,634,621,1056,1031,1080,1847,1822,1837,19,14,6,19,37,26,95,101,96,281,260,280,616,354,583,476,493,413,1744,1561,1505,26,19,11,48,51,42,144,143,142,328,322,314,718,793,796,1204,1205,1178,1695,1675,1692,0,1,10
60,02:51:00,0,1,5,16,18,6,43,19,38,119,128,114,450,468,491,903,749,763,1959,2012,2023,15,16,12,34,15,44,79,89,85,283,264,260,628,638,610,1082,1042,1090,1888,1847,1842,14,6,19,26,23,36,97,111,85,275,287,288,616,360,593,480,500,408,1741,1569,1530,26,19,27,44,49,36,134,139,142,323,331,322,732,801,815,1226,1224,1171,1723,1704,1701,4,0,12
61,02:54:00,20,16,25,14,11,21,35,24,30,118,130,117,464,488,497,914,755,772,1958,2052,2030,25,4,16,21,23,21,88,88,83,301,264,257,638,661,632,1095,1086,1108,1878,1841,1840,26,4,13,21,27,43,83,94,105,278,268,295,618,345,589,485,489,415,1758,1579,1545,33,24,26,53,46,50,145,144,140,331,337,318,743,803,842,1249,1251,1190,1743,1716,1729,12,4,9
62,02:57:00,9,5,13,5,0,28,35,21,45,107,144,120,449,480,517,944,799,797,1998,2038,2057,19,10,12,43,24,45,82,82,86,305,266,274,662,666,658,1134,1091,1127,1915,1866,1862,23,19,17,38,37,17,99,94,92,286,270,282,627,367,605,477,507,414,1777,1603,1542,16,11,22,46,48,56,163,128,140,333,328,330,769,827,836,1279,1275,1217,1727,1728,1726,0,0,15
63,03:00:00,13,0,4,8,11,26,26,39,24,126,144,111,479,509,510,953,804,811,2012,2057,2061,21,7,20,18,34,24,89,87,85,306,288,277,672,683,682,1141,1112,1162,1919,1888,1887,23,21,29,36,32,40,90,94,103,284,282,291,627,347,607,487,498,427,1780,1582,1537,23,35,18,53,79,45,166,151,144,342,339,346,782,845,851,1266,1282,1231,1750,1753,1760,0,6,0
64,03:03:00,12,0,7,17,16,21,40,29,39,128,146,129,507,511,523,976,825,827,2036,2086,2080,21,16,14,20,39,33,91,94,92,311,281,268,689,694,666,1163,1117,1163,1925,1913,1893,14,21,29,40,31,28,87,97,93,283,284,280,629,335,613,492,491,411,1818,1605,1536,13,32,22,46,51,57,150,151,161,355,343,352,800,842,845,1286,1293,1263,1772,1764,1760,11,3,2
65,03:06:00,7,8,13,22,16,19,39,35,28,127,135,109,507,526,542,998,848,837,2076,2105,2104,24,34,26,32,36,26,91,87,86,316,296,287,700,694,675,1169,1143,1184,1923,1889,1865,27,18,22,28,38,51,98,116,89,298,294,297,637,351,617,483,520,429,1791,1611,1570,16,26,19,58,47,43,164,149,153,363,370,357,805,857,871,1304,1298,1259,1797,1774,1777,2,5,4
66,03:09:00,16,0,7,14,18,7,54,32,46,130,149,112,519,527,546,1012,865,863,2049,2085,2106,14,4,0,26,33,20,97,89,92,335,295,295,718,719,686,1177,1145,1190,1912,1898,1896,23,21,28,19,44,43,98,116,100,293,277,290,623,352,605,494,500,428,1835,1604,1559,11,20,10,60,63,48,161,161,178,383,362,351,810,873,900,1310,1312,1279,1775,1779,1797,0,3,5
67,03:12:00,9,0,3,19,26,16,42,31,34,141,139,133,519,546,549,1055,863,865,2078,2130,2121,11,28,10,41,26,35,97,94,108,327,297,286,723,725,701,1203,1160,1205,1950,1910,1905,12,8,33,40,46,33,112,104,102,301,269,304,633,350,606,495,513,419,1831,1601,1572,34,35,14,55,43,71,171,163,155,370,371,375,827,892,881,1325,1330,1283,1818,1781,1789,13,0,0
68,03:15:00,7,4,0,16,18,18,55,36,37,123,149,131,541,546,556,1055,882,875,2069,2144,2127,23,15,24,39,27,36,92,110,94,346,298,300,726,729,715,1187,1184,1235,1966,1942,1923,35,22,8,37,32,42,106,116,118,282,290,299,642,339,612,500,517,446,1853,1628,1572,33,11,26,51,54,47,154,147,166,373,381,365,836,911,903,1344,1335,1300,1821,1796,1830,7,0,1
69,03:18:00,8,3,12,9,13,17,42,39,25,133,143,146,547,551,581,1066,884,885,2090,2128,2143,5,7,11,44,48,42,90,97,104,340,301,299,745,749,744,1229,1187,1222,1956,1945,1931,26,21,6,26,36,43,98,118,108,297,290,303,630,359,618,495,520,429,1861,1626,1578,15,30,32,49,58,53,178,161,170,375,386,387,842,919,924,1343,1353,1324,1802,1803,1816,0,3,9
70,03:21:00,0,0,6,7,17,8,34,52,37,143,151,126,545,564,587,1100,888,909,2127,2158,2151,23,24,18,32,28,32,97,112,98,341,313,314,766,749,735,1249,1196,1258,1973,1950,1949,21,9,1,38,32,45,97,107,106,302,288,304,652,365,629,500,519,447,1883,1652,1591,29,17,24,55,57,50,176,147,164,395,373,372,853,930,940,1379,1371,1326,1830,1806,1848,16,0,13
71,03:24:00,15,3,10,19,16,21,32,41,25,155,153,135,545,589,598,1102,927,930,2141,2153,2183,21,33,7,38,34,38,96,102,108,361,314,330,764,763,739,1245,1216,1254,1980,1945,1931,24,6,17,30,29,40,112,125,115,319,281,310,665,372,622,520,514,433,1906,1651,1592,30,25,23,48,56,49,173,158,175,384,384,405,853,908,938,1375,1357,1334,1815,1825,1821,0,7,8
72,03:27:00,0,8,7,18,9,10,51,44,36,134,153,148,579,594,618,1109,930,934,2119,2159,2175,18,25,15,23,29,28,97,99,105,359,319,318,760,777,760,1279,1234,1283,2000,1967,1961,30,9,18,37,39,42,98,107,98,295,301,320,649,363,634,512,514,442,1894,1640,1597,27,30,20,66,64,61,190,167,170,392,391,380,859,932,941,1381,1383,1346,1838,1817,1851,0,8,0
73,03:30:00,0,0,7,18,1,9,40,39,57,147,152,145,585,598,607,1161,932,953,2124,2172,2161,23,1,2,17,46,42,116,93,104,380,310,328,768,779,778,1280,1249,1283,2002,1958,1996,29,16,21,21,43,31,115,112,91,314,291,313,650,363,638,509,521,448,1909,1638,1599,36,36,20,49,55,44,170,166,180,395,399,402,868,941,952,1396,1403,1352,1852,1835,1853,7,3,0
74,03:33:00,3,10,10,22,16,19,58,45,51,156,158,147,589,607,620,1158,945,963,2145,2193,2177,21,23,16,28,43,17,111,103,112,376,338,325,785,784,777,1277,1246,1315,2004,1995,1972,17,10,27,37,42,52,99,99,112,315,294,314,669,365,628,511,520,448,1931,1662,1609,30,28,27,64,73,66,180,167,181,400,403,410,876,963,956,1402,1406,1370,1848,1839,1871,6,7,0
75,03:36:00,4,2,7,24,14,19,33,41,54,165,172,148,608,626,633,1193,949,975,2159,2211,2191,16,8,27,34,28,30,110,114,106,379,343,342,799,805,792,1290,1257,1309,2003,1975,1995,34,26,20,29,38,49,108,110,102,320,298,310,675,371,657,510,532,460,1955,1659,1592,42,17,27,63,70,60,186,183,171,407,407,410,876,962,966,1428,1424,1369,1851,1835,1901,0,0,4
76,03:39:00,0,10,10,17,8,19,51,42,49,159,170,166,611,619,638,1193,980,985,2183,2235,2186,23,11,25,29,33,41,117,104,108,395,326,348,807,804,800,1299,1256,1327,2011,1995,1986,28,14,16,31,39,54,99,117,112,299,303,314,671,378,654,535,534,451,1960,1669,1614,35,39,25,58,77,62,194,175,175,409,409,401,892,965,969,1437,1426,1378,1864,1852,1898,5,5,3
77,03:42:00,10,7,6,10,13,10,45,36,55,153,169,152,606,624,645,1221,1001,1003,2163,2213,2236,16,27,21,26,25,38,115,109,117,400,345,369,823,816,799,1322,1296,1349,2021,2011,1976,20,16,19,33,25,38,91,123,115,311,309,310,665,366,639,512,526,448,1933,1683,1624,31,26,19,62,67,59,196,177,171,416,401,424,896,965,993,1414,1430,1384,1876,1871,1906,17,8,5
78,03:45:00,22,0,7,27,20,24,48,44,63,157,180,155,622,630,658,1242,990,997,2169,2206,2217,17,27,26,35,46,30,106,103,105,386,348,356,827,812,803,1311,1301,1329,2033,2022,2002,8,3,14,31,34,40,104,106,117,303,299,323,678,377,650,534,535,482,1952,1664,1625,28,35,32,64,61,60,178,179,182,421,414,419,892,1000,979,1441,1437,1394,1893,1877,1879,8,13,1
79,03:48:00,0,17,0,23,15,4,46,64,39,160,171,170,634,636,668,1243,1006,1024,2200,2245,2249,27,22,23,51,50,28,112,112,112,411,362,350,823,831,822,1346,1297,1360,2027,2014,2024,31,14,17,29,43,40,108,123,102,323,316,314,678,380,661,525,530,467,1968,1704,1618,43,27,30,61,62,66,187,189,185,428,409,428,917,990,992,1436,1447,1411,1875,1881,1920,17,2,3
80,03:51:00,9,7,0,34,18,16,46,50,51,162,171,153,654,653,683,1266,1016,1027,2204,2247,2238,27,34,12,44,47,40,114,110,115,404,357,372,863,838,816,1347,1292,1360,2057,2017,2022,12,12,38,47,38,48,105,110,124,330,304,326,666,383,648,533,543,466,1984,1683,1640,19,26,24,56,67,68,187,166,179,407,418,422,925,997,1015,1442,1466,1414,1873,1860,1922,11,6,0
81,03:54:00,21,15,9,19,15,27,44,58,56,165,182,170,651,660,688,1271,1032,1042,2213,2227,2253,17,27,13,31,43,37,117,124,126,419,352,377,853,843,833,1359,1334,1369,2030,2046,2018,12,0,29,42,40,54,105,110,109,329,305,316,690,385,644,534,518,472,1969,1713,1634,51,29,35,67,79,78,192,186,194,413,417,416,940,1012,1024,1454,1460,1403,1881,1891,1911,13,0,5
82,03:57:00,5,0,5,19,17,14,42,39,64,173,181,172,652,654,676,1313,1027,1037,2240,2247,2276,23,28,3,34,27,37,127,124,122,416,361,369,848,842,834,1361,1332,1379,2057,2024,2032,17,25,8,30,44,42,115,127,105,321,305,325,688,379,649,512,524,478,2009,1675,1652,37,38,46,64,78,69,201,190,194,428,442,436,948,1019,1011,1462,1459,1425,1896,1874,1919,5,4,0
83,04:00:00,1,0,9,15,26,26,56,43,35,168,190,166,653,666,700,1333,1043,1055,2223,2252,2261,16,32,2,36,43,35,130,128,118,437,372,375,870,857,841,1358,1333,1380,2066,2042,2057,19,16,23,34,41,44,96,122,118,330,310,315,685,364,649,533,548,468,1993,1688,1650,22,20,35,60,77,55,192,183,185,427,437,438,946,1026,1025,1475,1484,1420,1902,1902,1914,5,9,10
84,04:03:00,9,14,6,9,19,21,47,62,45,178,184,178,647,676,685,1303,1041,1069,2218,2257,2274,40,15,26,46,37,17,116,116,127,432,379,383,898,859,848,1374,1334,1391,2066,2040,2057,29,20,14,33,39,55,112,109,115,327,312,325,680,373,650,521,529,488,2016,1699,1642,27,35,26,65,67,68,209,204,191,442,441,431,933,1023,1024,1484,1489,1451,1909,1890,1931,3,1,9
85,04:06:00,8,13,0,13,19,19,46,55,63,188,195,181,685,675,708,1341,1049,1082,2230,2283,2257,40,14,15,39,46,40,143,114,126,446,376,388,874,873,864,1382,1336,1414,2047,2059,2044,18,4,19,41,30,49,94,125,118,348,312,321,691,385,661,542,551,487,2035,1696,1640,18,32,31,60,73,65,195,191,184,439,427,450,959,1028,1038,1487,1493,1437,1902,1926,1928,5,0,7
86,04:09:00,23,19,9,19,12,27,61,46,50,175,187,186,677,705,707,1378,1071,1083,2247,2285,2272,35,32,20,49,44,34,133,114,127,431,382,390,875,869,860,1405,1356,1395,2097,2037,2080,18,20,23,33,39,43,111,135,122,331,312,331,689,381,679,534,546,489,2024,1699,1664,36,40,27,69,68,65,198,183,188,443,447,447,958,1019,1042,1491,1489,1442,1921,1922,1965,8,0,0
87,04:12:00,13,16,5,11,11,17,66,58,49,176,191,202,676,684,714,1377,1059,1086,2260,2267,2279,28,25,17,35,46,33,133,133,136,439,377,390,903,880,871,1393,1380,1408,2098,2027,2044,29,21,19,38,43,43,104,109,103,334,307,346,690,375,666,540,529,488,2045,1721,1657,40,27,29,62,62,59,205,206,205,444,443,433,969,1030,1048,1505,1502,1448,1916,1946,1941,8,17,0
88,04:15:00,16,5,0,13,21,17,54,65,48,195,202,184,715,706,720,1394,1085,1098,2246,2287,2321,18,24,15,38,49,41,130,133,135,436,389,377,893,875,887,1411,1369,1425,2087,2063,2071,14,8,16,36,36,45,125,121,118,324,319,318,683,379,665,542,550,484,2042,1714,1659,30,45,19,63,65,66,201,193,193,453,465,462,959,1036,1054,1515,1516,1445,1927,1922,1956,12,9,0
89,04:18:00,13,14,0,1,14,19,57,54,69,169,206,187,694,709,736,1404,1074,1098,2250,2297,2303,26,17,32,41,51,42,140,136,135,454,385,401,907,898,875,1416,1361,1442,2094,2063,2069,17,17,1,37,40,45,121,110,113,330,330,329,712,363,672,536,557,503,2069,1727,1678,28,33,36,62,74,59,208,188,200,458,454,450,975,1054,1063,1512,1528,1464,1952,1931,1982,5,0,10
90,04:21:00,25,12,0,25,21,19,65,49,66,192,213,187,708,719,730,1432,1082,1098,2273,2309,2287,28,9,4,41,46,47,142,126,130,463,388,398,914,907,885,1414,1387,1438,2105,2084,2067,21,25,17,39,39,46,109,116,106,317,316,326,704,373,673,531,555,490,2058,1718,1654,26,23,21,70,82,60,197,202,201,443,445,447,974,1051,1069,1522,1506,1474,1945,1927,1978,13,5,0
91,04:24:00,11,0,0,11,5,17,74,56,47,191,199,181,720,707,731,1431,1100,1122,2284,2321,2298,27,17,5,41,37,55,129,126,139,475,391,411,903,908,900,1409,1384,1436,2102,2085,2078,29,34,20,40,41,50,117,123,121,326,303,336,713,376,672,550,558,500,2087,1728,1668,32,36,28,80,73,70,225,217,207,446,450,454,980,1062,1057,1520,1514,1465,1938,1945,1970,0,2,6
92,04:27:00,3,10,6,11,21,9,55,57,41,200,199,196,719,707,745,1430,1089,1149,2257,2323,2307,31,24,19,46,38,44,135,132,134,473,387,408,925,913,917,1427,1387,1432,2075,2101,2083,25,16,26,41,40,51,119,127,117,332,325,337,700,381,672,544,559,502,2076,1716,1692,37,33,33,78,64,52,203,191,201,452,472,464,983,1052,1075,1540,1525,1481,1984,1936,1942,0,2,2
93,04:30:00,15,16,17,30,14,15,67,54,56,189,207,203,728,714,744,1483,1097,1134,2269,2313,2323,29,33,25,42,37,42,135,127,149,482,400,415,940,911,903,1456,1407,1445,2082,2104,2083,27,16,21,47,38,58,115,116,120,329,305,328,706,366,675,540,562,507,2075,1734,1678,38,41,36,62,75,64,223,196,207,458,464,477,970,1065,1086,1550,1523,1489,1963,1932,1972,9,9,1
94,04:33:00,19,6,6,8,12,25,59,77,56,178,201,201,729,720,765,1475,1106,1140,2294,2328,2324,24,17,35,55,36,49,144,133,131,475,409,412,944,916,915,1443,1391,1463,2076,2091,2107,23,17,25,30,37,60,111,119,111,339,322,346,707,388,671,541,568,510,2102,1724,1700,39,18,33,49,73,56,205,201,213,459,477,464,993,1085,1082,1550,1549,1499,1960,1960,1973,0,10,1
95,04:36:00,18,6,8,13,10,11,60,56,52,189,206,197,737,730,753,1499,1135,1134,2291,2318,2361,7,15,16,41,51,40,142,126,141,487,403,410,937,939,921,1424,1404,1470,2099,2092,2125,25,13,29,43,45,53,127,111,121,336,325,333,712,387,676,568,564,526,2108,1722,1692,30,33,45,69,79,84,209,197,206,461,475,460,999,1075,1085,1546,1532,1471,1950,1957,1994,10,0,0
96,04:39:00,14,5,7,10,10,15,67,51,44,192,199,182,730,735,771,1507,1129,1147,2265,2323,2321,31,17,20,48,42,49,157,141,144,497,390,419,963,927,900,1446,1402,1458,2098,2106,2112,24,12,17,34,35,53,117,117,115,336,322,337,709,376,693,553,559,498,2121,1711,1711,30,22,38,79,76,56,219,194,217,452,476,479,992,1076,1086,1564,1531,1489,1956,1990,1963,0,1,0
97,04:42:00,25,21,0,19,22,17,65,72,68,192,211,180,742,754,768,1546,1133,1147,2278,2327,2360,18,10,29,46,56,55,132,130,151,478,404,410,961,932,928,1438,1422,1482,2102,2097,2094,43,21,24,44,46,76,103,119,125,356,315,340,712,367,684,556,562,511,2122,1736,1687,37,31,31,68,64,68,200,206,222,472,468,472,987,1076,1071,1543,1559,1520,1945,1959,1974,1,3,15
98,04:45:00,0,25,13,5,24,15,74,76,60,199,218,198,749,733,765,1519,1130,1175,2287,2329,2344,33,29,33,36,59,51,142,124,144,501,413,421,937,937,939,1437,1437,1475,2123,2096,2108,19,21,21,34,40,61,121,119,128,344,315,344,731,381,684,548,565,503,2129,1738,1658,41,30,35,64,79,71,215,204,211,455,481,472,1023,1092,1114,1566,1554,1513,1972,1974,2001,6,3,20
99,04:48:00,16,11,4,22,3,25,58,55,67,189,217,198,737,734,787,1537,1131,1181,2309,2340,2354,18,17,23,30,41,48,152,134,142,506,420,419,952,930,935,1466,1411,1504,2088,2104,2123,36,5,30,33,23,65,122,119,115,342,325,350,727,399,684,557,580,523,2159,1732,1683,27,28,36,79,74,87,216,202,221,463,484,483,1003,1096,1092,1575,1550,1525,1931,1979,1995,21,7,10
100,04:51:00,4,13,10,24,25,13,57,63,66,196,228,209,746,753,788,1568,1154,1187,2295,2329,2357,23,24,27,49,38,45,147,135,139,492,417,430,967,942,947,1474,1427,1486,2135,2110,2135,29,32,16,38,40,48,116,119,134,346,325,324,724,391,675,548,563,513,2154,1744,1684,39,21,33,66,71,70,216,204,209,482,473,482,1002,1102,1100,1566,1563,1525,1967,1977,2019,0,0,3
101,04:54:00,15,6,6,34,23,14,68,49,64,217,213,201,748,748,773,1577,1149,1167,2306,2359,2352,31,16,14,39,43,60,134,137,132,510,418,424,959,944,949,1456,1448,1489,2100,2113,2128,5,17,13,30,34,52,114,130,118,346,329,344,701,376,697,559,582,528,2155,1740,1694,48,35,25,69,76,61,239,198,212,473,490,466,1021,1090,1117,1561,1572,1501,1984,1970,2016,9,2,2
102,04:57:00,16,1,1,23,9,15,73,63,67,205,214,221,758,755,787,1596,1156,1195,2324,2396,2334,22,13,17,35,52,48,144,123,148,515,412,442,965,953,949,1467,1435,1493,2123,2103,2112,35,22,25,31,45,43,120,118,115,338,318,348,723,385,680,546,568,524,2152,1748,1709,41,43,38,69,70,68,212,201,216,474,486,496,1023,1091,1128,1568,1587,1516,1986,1989,1999,18,8,8
103,05:00:00,7,15,11,17,9,22,70,51,51,204,236,195,761,758,806,1599,1148,1192,2291,2326,2366,31,29,24,40,56,49,151,130,152,524,409,434,979,956,947,1459,1440,1491,2112,2114,2112,25,30,22,40,39,49,127,142,122,326,329,341,721,386,693,556,564,528,2162,1748,1708,24,41,32,67,81,57,223,204,213,474,487,483,1032,1106,1102,1587,1553,1533,1967,1969,2022,16,0,0
104,05:03:00,17,2,14,37,30,21,69,45,60,206,218,207,761,761,804,1610,1157,1203,2305,2331,2355,7,32,12,55,39,62,149,134,148,526,421,444,970,954,956,1483,1452,1490,2134,2100,2120,23,36,31,38,49,43,122,138,128,331,319,344,722,375,698,549,567,531,2184,1741,1701,28,22,38,63,72,74,211,214,212,468,476,505,1011,1116,1124,1568,1565,1513,1989,1964,2008,13,2,13
105,05:06:00,19,9,20,10,20,26,59,62,62,210,213,180,772,763,798,1624,1167,1198,2315,2354,2354,20,24,7,53,55,52,151,147,147,526,442,435,974,961,961,1478,1470,1510,2148,2123,2132,16,15,19,57,24,61,118,126,122,343,346,347,729,379,673,549,580,520,2177,1758,1719,43,27,29,84,73,81,222,205,226,475,484,492,1024,1120,1124,1570,1571,1512,1989,1954,2016,4,15,4
106,05:09:00,19,14,0,34,3,31,66,51,60,206,225,214,783,777,807,1644,1164,1213,2310,2368,2364,35,26,11,35,44,61,146,130,151,533,411,445,982,960,954,1491,1444,1531,2123,2108,2110,27,11,20,40,42,73,124,120,109,344,328,335,720,393,692,561,562,526,2206,1746,1716,35,34,41,75,78,72,218,216,220,475,491,492,1026,1111,1103,1573,1560,1530,1979,2000,2026,2,0,0
107,05:12:00,0,3,14,15,29,15,60,65,54,201,220,199,777,776,806,1645,1172,1208,2322,2344,2349,19,23,22,57,41,43,151,140,150,534,405,435,982,959,949,1487,1452,1522,2130,2143,2119,20,12,30,50,22,77,120,125,126,338,336,343,722,381,706,569,573,535,2212,1758,1701,38,25,43,73,87,76,227,221,211,471,486,490,1018,1096,1112,1600,1587,1529,1975,1972,2019,0,6,0
108,05:15:00,6,7,10,25,14,9,63,63,66,212,234,203,764,774,828,1664,1165,1214,2332,2354,2385,25,30,10,43,43,44,150,143,160,540,431,438,972,973,955,1481,1449,1524,2145,2113,2131,22,12,7,49,26,63,124,132,115,355,327,347,713,391,697,551,577,514,2183,1750,1698,44,26,28,83,85,61,224,212,213,475,496,497,1013,1096,1108,1578,1581,1532,1974,1992,2021,4,8,10
109,05:18:00,24,4,11,15,12,15,78,50,53,226,215,204,784,775,819,1684,1206,1220,2298,2359,2373,30,36,31,46,55,55,160,142,150,537,433,436,976,970,963,1504,1457,1515,2127,2106,2118,26,10,34,44,37,55,118,129,125,347,336,347,720,374,686,560,576,533,2205,1766,1705,20,17,22,65,80,73,227,204,219,477,500,504,1033,1111,1142,1589,1587,1547,1984,1983,2017,1,14,0
110,05:21:00,11,0,6,23,9,17,64,64,57,221,219,209,782,755,827,1705,1180,1212,2314,2354,2397,20,11,11,47,59,52,164,138,143,551,442,444,996,961,970,1502,1461,1535,2149,2130,2139,16,23,31,44,27,53,109,122,125,337,336,354,725,382,695,560,589,528,2209,1770,1722,39,37,26,57,83,75,221,217,223,483,489,488,1045,1096,1130,1593,1593,1520,2016,1979,2047,16,4,11
111,05:24:00,11,0,11,18,19,11,64,51,57,212,230,209,800,779,833,1710,1188,1221,2322,2344,2378,19,20,34,50,51,38,139,144,144,537,440,455,983,967,967,1520,1442,1530,2137,2116,2124,14,30,11,39,37,58,125,124,119,343,320,341,737,379,689,547,576,530,2230,1750,1717,40,27,38,73,72,76,230,225,216,472,486,507,1042,1123,1130,1595,1582,1553,1976,1992,2025,11,10,6
112,05:27:00,9,6,17,16,20,22,70,58,54,226,224,210,789,780,819,1714,1188,1228,2351,2342,2406,23,32,38,42,49,45,163,134,145,545,437,446,1002,963,968,1502,1479,1518,2154,2106,2142,30,25,28,39,40,69,112,124,120,340,319,354,735,388,683,575,584,531,2243,1767,1728,33,40,5,87,79,69,227,222,222,505,500,502,1046,1128,1130,1585,1596,1540,1993,2005,2023,12,19,11
113,05:30:00,18,12,28,25,30,20,56,51,58,236,242,233,786,766,829,1747,1203,1238,2340,2382,2389,17,36,21,50,41,51,128,149,154,537,423,454,1004,964,965,1500,1468,1519,2124,2132,2157,25,2,21,43,43,67,106,123,135,351,336,344,726,374,701,560,573,528,2243,1762,1725,29,43,28,80,82,76,225,213,218,473,504,506,1028,1110,1120,1592,1587,1541,1998,1997,2022,3,1,5
114,05:33:00,7,0,7,8,20,24,75,57,76,212,239,222,792,795,829,1741,1199,1240,2341,2381,2382,19,16,40,42,56,58,160,145,160,555,431,448,994,996,965,1505,1468,1535,2150,2112,2162,25,30,26,46,46,65,119,130,131,355,332,359,730,375,699,554,590,540,2253,1777,1723,38,35,30,73,81,77,234,216,239,502,514,493,1041,1117,1131,1608,1591,1538,1992,2004,2048,2,4,0
115,05:36:00,7,0,10,17,28,15,53,75,72,232,227,229,795,792,823,1752,1213,1243,2352,2366,2385,26,12,17,49,41,42,143,155,165,567,442,461,996,971,980,1509,1462,1534,2133,2143,2137,27,24,36,31,43,56,116,132,123,344,330,365,734,385,703,571,579,550,2263,1780,1716,42,43,38,66,79,78,234,212,223,486,502,485,1031,1119,1135,1614,1607,1542,2002,2005,2023,8,0,7
116,05:39:00,9,16,6,17,16,18,61,66,65,225,232,212,799,789,842,1771,1205,1239,2326,2359,2388,20,30,23,48,43,47,153,149,145,560,437,458,1012,979,979,1503,1476,1530,2133,2144,2154,24,27,9,44,29,73,114,119,122,348,344,359,731,383,696,577,577,523,2283,1760,1725,25,30,21,75,102,68,242,214,209,490,502,508,1041,1129,1151,1594,1589,1556,2012,2014,2052,10,0,2
117,05:42:00,21,17,4,10,19,13,63,57,60,213,222,215,798,787,836,1773,1217,1248,2353,2356,2402,25,13,23,56,51,51,161,146,154,550,447,463,1011,1001,982,1506,1473,1523,2159,2118,2154,17,29,19,51,34,63,116,121,142,352,321,351,735,384,705,560,580,532,2297,1768,1726,29,33,37,74,81,80,242,211,232,489,506,503,1050,1118,1148,1595,1578,1533,1991,2020,2038,7,1,15
118,05:45:00,27,18,12,18,12,25,69,75,75,225,233,219,797,805,851,1783,1207,1264,2324,2399,2408,27,20,33,47,57,30,153,145,157,552,425,465,1010,989,975,1522,1473,1541,2147,2143,2154,37,22,17,39,58,52,118,125,121,349,343,362,735,381,697,576,593,537,2316,1769,1712,35,29,33,72,83,71,218,212,232,488,489,499,1034,1132,1139,1596,1607,1552,2007,2019,2061,15,4,0
119,05:48:00,13,17,20,14,25,8,54,62,62,216,228,219,821,791,853,1805,1217,1265,2349,2354,2398,29,25,28,58,37,43,143,151,156,563,444,456,997,990,968,1505,1486,1555,2126,2150,2147,23,26,24,48,39,56,113,120,128,347,330,342,737,375,708,568,583,541,2292,1768,1715,33,30,39,79,82,69,234,218,235,494,507,492,1058,1140,1135,1621,1603,1547,1983,2008,2027,4,4,0
120,05:51:00,4,6,2,2,22,21,68,62,65,232,248,226,793,790,845,1815,1215,1259,2362,2372,2412,17,26,38,50,58,46,151,156,158,542,449,464,1012,991,982,1523,1486,1537,2143,2105,2143,28,25,21,38,50,61,124,135,119,346,329,348,750,383,708,574,585,533,2330,1773,1729,40,14,25,79,69,67,232,210,226,472,510,489,1059,1132,1153,1597,1595,1548,1991,2006,2031,7,2,3
121,05:54:00,12,23,7,18,16,18,74,58,63,220,234,224,809,803,864,1821,1218,1273,2335,2392,2400,23,26,33,33,30,45,156,147,151,561,433,460,1025,985,1004,1533,1472,1545,2147,2142,2166,30,24,4,32,48,66,110,137,136,354,322,359,736,383,707,566,582,522,2297,1771,1721,28,42,29,67,81,71,231,218,225,488,514,514,1043,1126,1140,1614,1595,1547,1985,2022,2031,0,2,0
122,05:57:00,0,16,7,23,15,23,63,72,70,232,244,215,803,812,867,1825,1230,1249,2335,2374,2393,21,18,30,52,39,42,140,148,162,572,443,458,999,996,999,1525,1498,1555,2141,2136,2150,11,13,31,42,26,80,124,131,119,367,329,356,723,389,712,573,582,543,2326,1774,1721,43,38,26,83,85,67,244,225,214,480,483,494,1038,1126,1149,1602,1612,1545,2009,2033,2042,0,0,1
123,06:00:00,2,3,8,22,9,24,63,74,64,228,235,227,815,812,861,1863,1225,1245,2329,2396,2421,22,20,24,46,45,60,155,151,161,571,454,466,1013,997,984,1526,1510,1554,2167,2122,2142,12,23,28,42,35,69,118,126,126,344,325,345,741,391,720,578,582,557,2337,1767,1720,28,35,25,95,82,79,234,220,225,490,496,508,1035,1128,1149,1601,1620,1567,2001,2024,2052,4,0,1
124,06:03:00,21,4,9,22,24,21,62,71,67,240,221,227,812,804,853,1855,1215,1270,2360,2383,2384,27,25,24,42,62,43,153,146,169,576,443,446,1011,999,996,1521,1493,1580,2176,2139,2166,15,22,32,43,47,68,114,115,120,348,321,345,752,390,699,581,579,553,2330,1775,1731,33,24,46,78,93,65,224,224,210,488,510,507,1053,1129,1156,1616,1621,1565,2029,2002,2039,4,0,8
125,06:06:00,28,6,12,20,15,12,69,75,68,240,241,233,810,810,857,1884,1223,1280,2323,2374,2410,15,31,27,44,53,43,170,129,162,591,452,458,1029,1006,992,1535,1476,1553,2149,2150,2145,28,16,18,32,35,80,122,121,131,352,342,350,755,365,711,569,582,545,2338,1784,1753,34,35,23,86,78,69,227,214,222,473,520,521,1057,1118,1159,1590,1609,1555,1996,2022,2031,12,0,1
126,06:09:00,3,0,16,11,18,21,63,64,67,223,235,235,818,799,851,1888,1219,1282,2353,2382,2387,25,25,29,60,43,63,159,152,167,576,454,463,1005,993,993,1524,1496,1571,2159,2128,2174,23,11,16,37,36,66,119,138,125,349,329,352,726,388,707,575,591,547,2353,1803,1715,35,26,40,77,72,73,236,220,224,495,521,512,1054,1123,1170,1596,1592,1565,1985,2021,2046,6,0,0
127,06:12:00,19,8,13,18,21,16,72,65,66,228,246,224,827,809,868,1892,1238,1279,2351,2376,2405,16,14,21,58,42,41,150,160,163,578,446,467,1022,1015,992,1524,1501,1558,2146,2137,2166,30,26,21,31,33,79,108,133,123,347,344,368,753,383,712,580,587,539,2348,1774,1720,25,39,40,78,81,75,237,225,229,495,514,505,1050,1133,1140,1620,1611,1583,1997,2004,2029,4,0,7
128,06:15:00,13,8,13,12,17,23,68,68,56,227,237,225,825,804,860,1914,1216,1263,2354,2380,2415,18,31,32,56,39,48,170,153,167,572,450,463,1017,1002,997,1518,1512,1560,2147,2128,2169,24,16,20,33,49,65,127,132,134,358,350,347,732,385,721,588,585,557,2362,1791,1738,47,40,42,78,73,73,236,218,225,493,505,491,1053,1130,1164,1592,1631,1560,1995,2036,2039,5,0,0
129,06:18:00,8,10,27,23,31,27,71,64,67,239,234,215,828,802,860,1921,1246,1301,2358,2378,2415,27,20,26,48,41,55,148,151,159,582,449,469,1019,990,1010,1528,1491,1572,2162,2161,2165,32,33,7,34,43,78,116,144,120,343,335,359,727,395,705,586,588,534,2350,1766,1744,32,33,27,90,80,91,243,219,222,495,509,510,1067,1147,1153,1624,1611,1554,2035,2007,2063,3,2,5
130,06:21:00,13,18,16,21,18,27,63,60,64,235,243,227,830,804,886,1911,1218,1298,2356,2402,2418,19,25,17,62,38,43,174,154,164,573,448,474,1018,1001,986,1527,1493,1573,2163,2139,2151,25,30,20,44,30,78,116,138,117,347,348,355,745,397,706,573,586,529,2387,1791,1747,38,42,36,74,72,75,246,215,227,512,512,506,1076,1147,1137,1613,1632,1574,1993,2011,2041,5,2,0
131,06:24:00,19,15,15,14,14,24,67,58,69,228,229,228,827,810,879,1965,1225,1277,2355,2388,2395,20,24,29,47,49,50,168,146,153,585,442,475,1045,1014,1010,1551,1494,1581,2176,2149,2171,10,24,21,38,43,68,121,126,112,358,341,360,757,402,706,577,581,543,2371,1758,1724,34,34,38,71,78,61,232,224,222,476,519,505,1048,1133,1129,1608,1607,1569,2006,2032,2071,10,6,11
132,06:27:00,6,10,6,5,19,15,64,63,80,245,252,243,845,810,883,1961,1236,1283,2313,2384,2405,32,18,20,40,46,50,162,148,169,587,455,479,1036,1004,1005,1546,1510,1556,2167,2148,2157,20,25,14,48,23,75,110,128,116,343,348,345,733,377,715,571,598,545,2399,1797,1730,35,43,29,66,87,71,227,228,234,474,502,505,1051,1133,1159,1627,1614,1580,1995,2028,2057,0,4,10
133,06:30:00,24,14,14,22,17,2,79,70,58,241,245,235,831,804,877,1963,1228,1300,2368,2393,2414,36,19,22,50,38,50,157,156,154,589,466,473,1030,1019,1012,1569,1496,1569,2171,2154,2163,26,11,8,33,40,90,110,129,121,361,340,355,730,391,704,581,595,540,2403,1775,1743,30,36,37,82,82,63,235,228,230,485,514,518,1041,1145,1158,1602,1611,1558,2028,2013,2061,0,3,5
134,06:33:00,13,8,13,23,27,7,75,50,69,231,231,226,828,813,884,1943,1242,1293,2349,2402,2433,33,21,14,43,42,48,170,150,158,600,440,461,1012,1002,1003,1541,1504,1567,2136,2150,2177,22,26,17,39,36,66,117,131,120,340,345,369,736,392,723,575,598,556,2426,1788,1742,29,21,43,81,83,80,244,222,224,491,509,506,1060,1152,1151,1625,1630,1575,1992,2010,2052,6,1,6
135,06:36:00,11,0,0,8,18,22,74,63,66,237,246,225,837,819,875,1982,1245,1295,2353,2396,2405,17,26,29,50,44,53,171,151,157,591,438,463,1034,1018,1007,1540,1491,1555,2147,2165,2185,32,20,11,41,43,83,128,133,128,340,352,358,755,374,692,602,592,535,2410,1794,1742,28,39,26,84,81,80,245,228,228,501,522,505,1076,1146,1157,1612,1636,1569,2022,2012,2042,9,7,0
136,06:39:00,17,10,2,13,0,21,87,75,62,240,247,238,822,830,879,1989,1240,1284,2351,2383,2449,26,28,24,53,69,50,157,155,146,589,453,464,1044,1004,1002,1548,1503,1588,2146,2163,2193,30,10,11,44,42,83,106,124,123,364,342,363,734,405,721,586,591,550,2437,1781,1740,26,23,47,87,87,70,241,226,237,501,516,507,1081,1127,1161,1616,1626,1562,1997,2008,2061,5,0,1
137,06:42:00,17,15,13,9,18,15,74,51,60,231,257,244,839,814,877,2011,1255,1285,2368,2396,2406,28,25,26,42,49,49,173,163,157,593,447,465,1052,1007,1008,1549,1519,1565,2163,2154,2163,21,12,22,51,35,75,121,132,127,344,355,365,748,390,713,584,600,562,2446,1801,1738,34,22,28,71,92,87,246,247,228,510,531,511,1060,1144,1163,1635,1617,1564,2027,2012,2051,16,11,5
138,06:45:00,18,3,25,31,24,27,75,61,51,229,239,232,827,824,886,2021,1241,1294,2386,2375,2430,31,24,17,47,50,45,152,134,151,606,447,471,1018,1008,1008,1539,1519,1604,2150,2120,2170,32,20,17,32,54,69,121,143,135,362,346,360,742,383,716,591,597,547,2457,1781,1751,25,40,36,87,79,91,233,217,231,499,500,509,1058,1134,1156,1651,1633,1580,2017,2043,2048,10,0,4
139,06:48:00,11,2,1,19,30,23,65,82,71,242,237,228,823,829,896,2036,1230,1320,2364,2408,2444,27,32,26,49,51,46,158,150,162,578,443,483,1040,1019,1006,1558,1511,1576,2166,2141,2162,31,15,17,53,37,76,105,145,113,338,341,349,742,399,706,579,589,547,2446,1774,1731,41,21,36,79,92,83,228,225,232,492,518,525,1054,1153,1174,1628,1623,1583,2021,2006,2048,8,17,5
140,06:51:00,11,0,14,8,19,18,72,56,58,234,242,249,842,816,901,2014,1244,1301,2371,2397,2423,27,30,25,38,54,44,165,156,169,585,435,466,1032,1006,998,1533,1510,1570,2153,2151,2191,33,19,18,42,43,77,112,122,122,359,353,370,741,377,710,589,612,557,2448,1815,1746,38,36,21,67,90,77,237,209,230,499,519,521,1063,1147,1148,1609,1624,1578,2004,2022,2068,9,4,7
141,06:54:00,21,1,0,36,10,14,78,78,68,255,244,229,828,817,893,2047,1257,1297,2391,2396,2438,32,23,20,48,45,56,166,161,158,614,473,483,1027,1013,996,1516,1506,1575,2178,2141,2179,30,18,16,46,32,84,126,131,115,346,344,364,755,391,712,589,594,560,2447,1794,1759,23,36,47,86,88,82,241,228,234,486,531,508,1077,1149,1163,1630,1626,1575,2013,2001,2054,5,0,0
142,06:57:00,7,0,20,12,33,17,71,74,65,236,252,239,842,822,889,2058,1234,1302,2342,2394,2433,37,15,29,46,43,47,171,145,162,605,449,477,1044,1009,1007,1545,1521,1579,2166,2145,2168,33,0,19,33,36,79,127,128,131,366,330,360,744,386,719,590,605,572,2468,1788,1736,25,36,33,82,84,68,228,222,223,500,498,527,1048,1128,1162,1617,1620,1580,2014,2022,2051,0,0,4
143,07:00:00,16,19,11,19,11,17,67,74,68,235,250,243,843,832,899,2083,1244,1307,2375,2393,2444,21,29,18,47,43,48,164,159,165,602,466,484,1030,1011,1010,1542,1505,1564,2158,2155,2196,24,29,28,53,45,78,120,126,121,338,342,362,742,385,709,585,598,581,2488,1803,1744,44,35,32,95,78,83,261,212,231,505,521,515,1055,1166,1159,1635,1630,1560,1998,2042,2059,13,16,16
144,07:03:00,19,18,4,10,15,25,80,60,63,240,248,246,848,830,896,2081,1256,1308,2368,2391,2439,28,31,23,48,39,55,161,162,166,619,455,474,1042,1022,1020,1556,1522,1611,2169,2149,2168,23,20,9,40,42,76,114,137,133,334,341,354,746,379,706,598,585,544,2482,1797,1726,29,33,36,81,83,82,256,223,230,491,505,523,1075,1146,1166,1629,1634,1588,2014,2025,2062,14,1,1
145,07:06:00,22,14,10,19,15,22,65,60,61,229,246,237,848,836,903,2116,1253,1313,2355,2398,2436,19,37,22,67,46,56,172,146,155,604,456,460,1026,1033,1005,1547,1536,1597,2158,2156,2156,23,37,39,38,39,82,125,123,121,380,337,369,740,393,717,583,597,547,2513,1795,1751,49,32,43,73,82,72,230,223,219,489,511,527,1075,1130,1158,1613,1628,1565,2021,2024,2052,0,3,12
146,07:09:00,15,1,14,28,20,20,77,72,68,237,253,233,824,843,893,2093,1244,1315,2358,2360,2465,7,24,26,53,47,57,158,155,172,605,452,474,1055,1024,1015,1543,1510,1595,2146,2152,2156,30,13,7,49,43,87,116,130,124,369,339,366,769,391,718,587,587,559,2479,1783,1734,48,27,31,88,77,63,251,229,220,496,501,512,1061,1153,1164,1619,1640,1583,2039,2025,2074,0,0,7
147,07:12:00,8,17,13,24,23,19,59,73,63,248,248,237,855,840,905,2122,1254,1308,2374,2406,2416,29,22,37,49,63,66,155,140,157,604,451,468,1043,1011,1018,1535,1509,1584,2175,2175,2172,14,20,21,32,39,81,111,136,119,344,337,353,740,394,703,596,589,534,2505,1779,1729,35,41,41,84,91,76,238,229,231,475,508,521,1067,1153,1160,1612,1614,1592,2013,2018,2059,1,0,8
148,07:15:00,16,12,8,13,15,15,73,63,71,248,249,233,844,822,904,2110,1250,1318,2371,2413,2437,21,25,33,46,56,38,164,158,162,622,456,494,1038,1020,1006,1538,1516,1592,2146,2169,2182,23,11,31,34,39,85,121,126,128,354,346,353,746,380,709,598,622,550,2498,1779,1734,48,35,36,94,96,63,240,212,235,491,511,513,1066,1148,1176,1617,1619,1584,2004,2028,2062,7,0,6
149,07:18:00,13,7,8,18,29,19,70,69,71,236,259,240,838,837,906,2122,1265,1320,2370,2409,2425,28,27,22,42,39,56,176,147,171,601,454,467,1034,1027,1017,1559,1503,1569,2168,2171,2159,23,19,16,38,33,88,111,137,135,364,335,364,726,389,733,606,596,552,2516,1796,1764,42,54,32,76,77,73,251,240,233,483,518,517,1055,1145,1172,1619,1607,1597,1998,2024,2041,10,15,4
150,07:21:00,23,17,18,23,16,17,70,67,63,245,237,231,841,823,898,2159,1262,1327,2361,2392,2420,23,22,15,44,53,53,161,147,169,606,450,463,1038,1040,1024,1570,1516,1590,2160,2146,2188,22,22,22,34,24,73,111,116,133,359,344,365,737,396,716,607,612,562,2541,1795,1733,34,42,34,85,86,82,233,220,227,494,521,508,1061,1142,1172,1623,1644,1580,2022,2026,2085,0,11,0
151,07:24:00,30,5,0,24,34,14,69,88,65,245,258,231,838,837,897,2126,1263,1327,2386,2386,2445,18,18,22,55,63,51,165,154,170,615,460,486,1019,1035,1020,1549,1506,1591,2179,2172,2177,18,18,29,35,34,84,109,123,103,346,337,350,749,389,713,583,594,553,2525,1803,1758,40,44,37,79,86,74,230,223,234,472,519,515,1088,1134,1161,1641,1646,1573,2028,2020,2066,0,17,6
152,07:27:00,14,4,1,14,8,22,77,71,61,246,261,236,841,835,905,2167,1255,1322,2356,2403,2449,20,27,22,55,47,52,158,153,170,617,450,477,1060,1026,1038,1533,1510,1587,2150,2152,2183,24,19,37,33,39,80,119,131,115,349,331,357,740,387,708,589,593,544,2534,1790,1751,46,41,36,65,73,84,236,225,230,499,522,517,1063,1153,1151,1614,1639,1568,2013,2031,2072,0,0,5
153,07:30:00,23,12,0,15,27,13,71,69,61,235,236,243,856,822,890,2160,1255,1312,2379,2379,2440,36,12,11,46,54,67,174,152,162,613,448,484,1051,1020,1033,1557,1515,1593,2167,2144,2175,9,22,22,42,45,77,108,131,128,363,354,373,739,400,707,583,612,550,2536,1791,1749,35,39,36,92,84,67,237,223,235,497,517,528,1056,1146,1164,1635,1639,1560,2012,2019,2058,6,4,5
154,07:33:00,7,8,14,18,30,20,66,72,67,245,250,231,855,824,902,2186,1255,1308,2362,2410,2443,28,17,11,56,50,49,160,152,178,612,452,483,1044,1027,1025,1555,1527,1601,2169,2185,2173,29,30,27,41,40,81,117,142,127,355,347,367,744,385,729,578,603,556,2548,1792,1757,34,37,33,71,84,63,247,231,230,513,518,521,1058,1133,1146,1630,1635,1591,2022,2055,2076,0,1,0
155,07:36:00,8,4,10,9,22,15,74,73,54,242,247,232,851,836,915,2185,1281,1309,2334,2390,2458,25,14,30,62,49,60,155,167,169,611,462,470,1047,1016,1033,1561,1514,1585,2155,2160,2177,28,19,19,45,43,73,134,121,113,367,344,350,755,386,722,591,610,557,2566,1795,1757,31,23,27,82,77,85,232,207,240,495,527,506,1063,1160,1168,1623,1633,1589,2025,2026,2070,0,0,18
156,07:39:00,12,6,0,23,8,17,54,65,70,241,246,245,852,857,896,2187,1276,1317,2344,2412,2435,26,22,18,64,50,43,176,161,156,607,472,487,1046,1015,1013,1566,1513,1593,2169,2144,2191,27,12,15,35,44,100,119,132,136,368,348,371,736,390,737,588,589,568,2576,1795,1742,32,36,28,69,87,94,235,228,238,484,502,510,1057,1154,1165,1604,1628,1596,2023,2029,2053,10,13,0
157,07:42:00,29,5,7,27,15,11,69,79,62,260,243,243,861,830,921,2156,1275,1334,2356,2371,2417,35,27,39,64,47,55,153,144,175,599,462,473,1055,1034,1023,1548,1535,1593,2171,2142,2189,25,30,26,38,37,81,121,140,120,357,351,368,735,391,724,573,614,543,2565,1792,1758,26,32,36,66,92,86,251,221,243,497,516,534,1070,1148,1158,1626,1617,1590,2040,2028,2054,0,2,4
158,07:45:00,16,2,9,22,27,33,69,69,68,239,240,247,850,828,901,2210,1255,1323,2356,2385,2432,31,11,36,47,57,36,177,163,168,616,460,485,1056,1024,1015,1552,1518,1603,2162,2146,2155,34,20,21,41,57,88,131,139,137,351,337,351,744,381,709,588,606,547,2568,1800,1770,31,35,28,85,97,74,231,226,223,479,510,533,1075,1162,1173,1620,1647,1583,2041,2047,2076,10,3,0
159,07:48:00,4,0,8,19,22,20,51,74,59,244,246,228,841,840,910,2206,1257,1316,2349,2401,2451,29,25,33,47,54,51,168,168,161,603,459,478,1034,1035,1023,1557,1503,1590,2150,2162,2176,30,24,10,43,42,81,119,122,118,350,338,353,758,385,719,581,593,541,2609,1800,1756,51,35,37,85,76,70,237,223,233,499,522,528,1072,1161,1160,1637,1628,1586,2006,2027,2049,9,4,0
160,07:51:00,12,9,15,18,23,23,72,63,72,240,242,221,854,832,905,2231,1259,1316,2373,2411,2437,20,19,33,50,47,56,180,157,152,628,471,490,1045,1041,1029,1562,1516,1581,2177,2181,2189,24,18,27,37,57,100,119,128,117,356,344,361,759,396,711,588,602,563,2616,1789,1752,38,31,41,81,88,78,242,239,232,502,515,523,1076,1157,1169,1650,1647,1578,2022,2020,2062,21,14,4
161,07:54:00,21,11,6,35,23,20,73,66,68,246,241,244,877,837,915,2226,1269,1311,2367,2392,2443,30,13,23,52,53,48,158,154,161,608,453,483,1057,1032,1035,1549,1525,1594,2149,2166,2138,14,18,35,46,38,97,121,132,128,351,334,372,752,385,719,580,607,558,2611,1814,1747,42,37,28,83,84,71,251,227,242,500,521,518,1081,1161,1169,1626,1631,1573,2014,2043,2069,0,3,0
162,07:57:00,21,6,4,40,21,20,73,55,68,231,251,238,841,844,901,2248,1250,1328,2351,2398,2462,22,22,17,56,46,56,174,148,159,620,459,478,1055,1033,1019,1545,1540,1583,2166,2167,2181,34,19,21,50,48,83,117,126,129,361,339,369,750,383,730,581,598,557,2627,1807,1744,43,35,33,80,87,81,240,225,227,503,527,524,1073,1169,1180,1619,1647,1585,1995,2029,2087,0,0,0
163,08:00:00,19,9,10,24,0,25,68,72,48,258,252,235,849,835,922,2275,1259,1321,2353,2390,2420,25,33,29,68,60,51,160,166,165,627,456,478,1049,1008,1023,1566,1530,1596,2159,2144,2163,27,37,17,33,49,83,132,148,132,354,357,363,736,378,723,595,597,553,2629,1777,1740,27,30,34,72,87,80,246,206,238,495,518,525,1067,1159,1169,1657,1634,1589,2018,2037,2071,10,3,23
164,08:03:00,17,10,8,30,23,13,59,67,69,230,259,247,836,821,904,2283,1272,1328,2361,2385,2438,31,30,9,59,43,53,171,144,186,600,467,475,1065,1047,1038,1551,1530,1613,2178,2169,2153,30,20,35,51,40,78,114,141,124,359,352,368,752,398,711,597,590,552,2628,1780,1755,41,28,33,97,89,75,249,228,232,497,514,514,1071,1163,1189,1617,1649,1585,2028,2034,2068,11,20,12
165,08:06:00,27,23,7,27,36,19,72,69,63,244,266,243,859,844,893,2275,1260,1309,2375,2408,2444,29,21,25,39,48,60,161,154,154,613,466,469,1047,1042,1018,1558,1521,1586,2160,2155,2189,27,13,17,59,32,86,120,126,135,356,346,369,752,377,713,593,593,561,2609,1786,1765,53,22,30,76,88,81,239,213,250,499,513,532,1063,1136,1181,1626,1653,1586,2017,2057,2050,5,12,4
166,08:09:00,24,6,9,9,17,26,69,71,77,234,256,246,868,821,899,2274,1273,1334,2370,2403,2429,21,21,21,54,64,46,178,145,166,620,483,487,1049,1033,1022,1553,1517,1572,2176,2166,2180,18,37,16,44,45,94,114,123,132,355,337,368,742,379,714,598,604,568,2643,1794,1745,41,44,40,84,80,81,241,236,234,504,527,528,1085,1166,1170,1638,1636,1590,2026,2033,2065,6,1,12
167,08:12:00,23,9,5,21,39,26,77,82,68,252,250,241,866,837,908,2318,1267,1323,2370,2393,2429,43,10,19,54,40,56,159,171,168,618,469,479,1053,1009,1030,1559,1534,1607,2160,2183,2162,27,10,17,41,43,88,124,130,119,360,352,364,743,382,727,594,605,548,2643,1787,1759,33,27,34,78,91,83,244,228,233,494,508,525,1086,1151,1167,1626,1637,1590,2021,2029,2068,9,14,7
168,08:15:00,20,13,2,20,25,34,60,63,62,232,253,226,860,830,921,2308,1272,1325,2365,2396,2433,8,32,25,51,44,56,160,156,183,622,466,486,1061,1029,1034,1557,1514,1593,2178,2176,2179,34,26,15,42,48,85,120,128,116,352,339,359,739,389,724,581,619,548,2658,1802,1730,33,29,45,82,74,68,236,234,233,500,532,510,1074,1140,1152,1645,1634,1593,2011,2038,2061,0,9,0
169,08:18:00,13,9,18,16,26,29,77,74,72,255,245,238,863,843,899,2309,1267,1315,2369,2401,2425,33,38,11,54,46,52,173,149,161,619,457,486,1056,1030,1031,1572,1532,1580,2170,2149,2174,24,26,15,36,32,95,120,144,139,364,345,360,756,408,725,598,603,549,2668,1803,1754,42,33,43,86,63,70,244,221,244,503,524,507,1070,1150,1166,1617,1653,1599,2043,2048,2054,1,12,6
170,08:21:00,8,11,7,14,16,25,74,68,60,238,249,245,842,842,908,2316,1267,1321,2384,2391,2414,39,29,24,54,56,44,176,157,169,630,452,489,1073,1035,1043,1578,1528,1590,2168,2170,2168,16,34,31,52,50,89,122,142,146,360,352,366,763,379,723,588,603,560,2688,1800,1766,30,37,42,77,75,85,241,237,228,501,516,527,1082,1165,1179,1646,1641,1607,2013,2037,2058,22,1,9
171,08:24:00,26,19,17,18,21,23,68,63,65,243,257,245,859,829,919,2348,1267,1351,2352,2414,2418,43,34,39,58,51,49,167,172,168,622,478,498,1059,1036,1018,1541,1500,1615,2164,2156,2189,24,24,11,32,34,94,122,132,136,345,354,378,734,374,718,599,600,562,2679,1819,1743,44,38,39,96,83,87,232,230,222,499,522,514,1074,1146,1176,1646,1637,1605,2025,2017,2072,7,9,9
172,08:27:00,27,0,16,21,13,9,73,63,63,248,251,240,854,834,899,2338,1280,1316,2366,2404,2400,28,30,13,55,41,45,178,158,163,613,472,475,1054,1037,1025,1561,1538,1587,2177,2174,2171,38,16,12,44,49,104,100,137,117,366,335,378,744,386,719,595,606,558,2687,1781,1737,36,28,40,76,78,73,235,234,235,502,528,538,1072,1133,1171,1644,1649,1603,2021,2022,2092,9,0,5
173,08:30:00,29,17,7,5,12,13,80,74,72,243,258,237,863,845,923,2331,1286,1330,2371,2412,2464,38,25,20,48,49,51,164,152,180,624,464,480,1059,1032,1040,1553,1531,1594,2178,2167,2161,29,14,28,49,63,105,123,129,132,361,348,351,756,402,726,581,612,560,2673,1800,1753,43,42,38,82,90,75,248,225,235,497,528,519,1058,1155,1179,1651,1646,1578,2021,2029,2073,4,10,21
174,08:33:00,28,4,5,24,24,30,84,62,68,241,249,247,862,851,927,2346,1293,1352,2386,2425,2431,24,26,17,50,50,56,172,152,155,636,461,499,1050,1033,1048,1554,1534,1571,2157,2143,2176,18,22,13,53,47,79,114,136,129,355,334,356,739,380,724,614,600,570,2691,1791,1759,39,41,46,72,67,69,249,227,228,510,529,506,1069,1146,1168,1650,1652,1570,2032,2053,2072,11,2,13
175,08:36:00,11,4,4,27,26,21,76,71,74,238,261,240,868,850,912,2341,1259,1333,2345,2399,2443,19,17,23,33,45,42,167,166,172,623,473,493,1039,1039,1022,1566,1520,1595,2174,2157,2184,20,16,12,53,41,92,117,122,134,363,348,359,761,391,728,594,595,552,2717,1798,1754,36,44,35,85,74,84,245,222,252,513,534,510,1076,1170,1164,1624,1632,1582,2025,2033,2071,7,19,0
176,08:39:00,24,15,17,25,28,17,73,70,64,241,244,238,875,833,925,2371,1279,1335,2387,2405,2434,39,19,38,54,47,47,177,151,162,630,473,488,1051,1027,1032,1572,1540,1600,2169,2146,2163,15,28,30,47,36,102,119,130,127,362,333,355,770,400,710,583,618,569,2704,1800,1772,42,36,28,72,84,68,247,225,239,489,521,518,1075,1158,1179,1623,1653,1606,2033,2054,2061,9,1,12
177,08:42:00,22,6,6,33,19,28,73,58,69,250,246,234,863,830,926,2401,1276,1330,2370,2404,2449,36,30,45,54,57,49,188,158,164,612,449,495,1060,1035,1028,1555,1527,1582,2147,2173,2191,30,29,18,57,46,83,125,127,124,358,345,358,759,382,714,575,614,547,2740,1796,1756,26,29,34,81,84,70,229,225,229,500,533,514,1072,1153,1185,1640,1648,1566,2018,2015,2088,2,0,0
178,08:45:00,18,1,12,29,17,35,68,65,55,241,248,251,860,843,899,2399,1293,1325,2373,2393,2442,25,27,25,59,47,56,174,158,175,626,471,487,1037,1027,1027,1550,1531,1590,2161,2168,2162,28,27,24,47,42,102,122,147,135,361,346,365,755,399,719,605,591,563,2723,1778,1741,38,33,35,72,78,66,245,235,235,501,504,521,1076,1166,1163,1647,1642,1607,2012,2046,2064,12,0,0
179,08:48:00,23,9,17,19,25,35,85,65,56,244,252,247,864,853,922,2406,1284,1355,2366,2390,2438,21,19,20,49,51,52,169,158,163,627,464,488,1045,1016,1025,1559,1518,1599,2179,2162,2154,17,24,22,42,48,117,116,136,130,353,343,359,745,398,727,600,609,541,2737,1791,1760,38,32,32,88,90,76,242,230,252,495,540,530,1075,1164,1179,1637,1647,1592,2038,2043,2072,11,10,0
180,08:51:00,10,21,13,6,17,22,73,77,66,244,252,250,847,854,920,2400,1267,1358,2376,2410,2443,27,23,32,48,42,55,176,165,166,622,453,496,1058,1037,1024,1553,1523,1593,2174,2138,2165,8,40,29,43,39,90,126,134,138,362,350,367,745,391,724,611,606,557,2737,1801,1737,33,37,34,88,85,80,226,231,216,516,522,516,1086,1152,1189,1640,1645,1582,2010,2044,2088,8,0,9
181,08:54:00,29,18,2,26,10,10,66,75,70,242,253,248,863,842,931,2404,1262,1346,2384,2412,2469,25,24,30,55,43,55,178,143,160,619,476,484,1041,1026,1032,1566,1535,1622,2161,2117,2185,29,21,33,47,56,86,118,151,143,364,343,372,762,389,719,591,600,552,2744,1783,1761,36,35,34,82,77,65,240,227,240,489,534,522,1069,1174,1190,1630,1635,1599,2039,2026,2078,9,11,8
182,08:57:00,12,7,3,25,17,28,70,58,77,249,263,241,871,840,922,2423,1255,1344,2382,2392,2427,22,39,32,49,47,61,166,167,174,632,457,496,1069,1029,1034,1568,1550,1594,2180,2151,2167,36,18,34,43,37,94,112,136,137,352,360,370,753,385,721,599,613,553,2759,1777,1743,48,36,42,78,100,76,236,236,236,505,522,521,1071,1165,1197,1653,1654,1599,2037,2047,2074,0,0,5
183,09:00:00,10,4,9,16,27,20,91,75,67,245,267,230,874,838,925,2420,1287,1349,2393,2423,2469,36,26,36,64,51,61,174,149,168,619,467,493,1040,1030,1031,1578,1539,1601,2182,2191,2186,27,21,26,49,37,101,123,135,136,359,350,361,760,374,717,611,607,550,2779,1802,1743,50,46,42,76,98,71,235,231,239,518,517,520,1077,1147,1177,1650,1643,1592,2003,2041,2070,0,12,4
184,09:03:00,27,10,0,17,15,20,73,62,65,246,255,232,857,837,926,2392,1278,1324,2358,2409,2433,32,27,23,52,54,42,171,160,154,633,474,483,1061,1032,1037,1580,1525,1610,2184,2181,2171,41,12,12,50,31,91,112,139,126,351,358,364,750,384,709,596,594,566,2760,1777,1745,34,40,38,88,83,73,246,234,243,503,526,534,1064,1150,1182,1643,1646,1587,2033,2052,2068,6,6,0
185,09:06:00,18,2,19,13,16,29,86,84,64,266,249,240,865,848,917,2433,1276,1316,2361,2406,2428,14,16,31,67,62,63,149,150,176,629,457,489,1054,1033,1024,1564,1535,1608,2163,2163,2173,28,24,7,40,41,107,128,139,133,368,355,363,742,399,715,586,610,574,2789,1805,1756,37,41,34,72,85,95,239,246,243,495,509,523,1087,1152,1172,1651,1641,1588,2020,2052,2073,2,11,0
186,09:09:00,30,17,8,25,29,24,69,78,57,250,254,231,873,848,933,2443,1279,1342,2379,2389,2439,37,18,20,46,38,41,168,167,175,621,453,479,1061,1054,1034,1548,1535,1621,2184,2173,2212,22,30,27,43,54,98,115,134,135,351,356,359,762,386,717,590,601,561,2793,1793,1767,26,26,44,94,81,62,263,218,234,493,521,519,1077,1160,1191,1643,1651,1593,2029,2040,2095,4,12,0
187,09:12:00,2,0,16,28,18,17,72,61,66,239,251,246,867,836,921,2450,1289,1348,2394,2407,2465,30,20,21,53,35,38,167,165,159,645,458,490,1061,1041,1035,1564,1532,1609,2189,2166,2188,22,21,13,40,49,99,118,141,126,354,344,368,740,404,722,603,607,557,2813,1810,1756,35,37,39,89,79,74,233,229,225,507,521,532,1076,1166,1184,1652,1633,1594,2035,2026,2059,0,4,0
188,09:15:00,3,10,9,21,27,20,70,71,57,250,247,239,877,853,924,2454,1258,1330,2360,2393,2446,19,17,22,58,43,56,168,147,191,616,472,495,1057,1040,1031,1547,1539,1598,2159,2153,2166,21,32,19,44,55,106,129,131,125,363,361,365,746,391,731,583,604,556,2790,1817,1754,39,41,46,75,88,71,253,234,225,506,530,515,1085,1152,1174,1648,1636,1590,2026,2010,2069,9,4,0
189,09:18:00,11,0,13,17,25,25,82,72,68,251,245,242,879,840,934,2459,1277,1343,2356,2398,2423,34,19,16,45,53,47,177,159,177,633,465,484,1064,1036,1023,1572,1538,1604,2173,2191,2157,17,32,27,45,40,92,127,126,129,354,350,363,760,380,728,598,622,550,2799,1808,1734,32,43,36,80,85,80,240,230,248,494,529,518,1068,1177,1172,1649,1648,1590,2027,2040,2063,14,3,0
190,09:21:00,8,2,3,24,2,19,64,69,76,250,268,236,857,857,901,2495,1258,1342,2384,2398,2449,17,25,43,52,36,62,176,163,178,617,456,487,1042,1033,1038,1563,1543,1605,2164,2153,2172,15,22,17,33,51,90,124,132,132,371,335,367,767,385,731,596,606,563,2803,1797,1751,33,29,35,80,72,77,254,233,235,494,540,524,1069,1163,1172,1636,1633,1600,2038,2042,2087,8,0,6
191,09:24:00,19,16,8,3,18,16,67,70,61,241,244,242,874,863,926,2483,1289,1350,2369,2410,2463,28,30,30,45,43,44,179,156,166,625,464,495,1058,1033,1032,1555,1540,1574,2174,2158,2182,27,26,23,40,47,89,122,133,129,359,352,359,753,388,717,600,609,557,2783,1798,1747,30,37,39,84,71,76,250,228,234,496,532,521,1064,1175,1160,1645,1630,1593,2044,2034,2081,6,3,2
192,09:27:00,19,0,1,24,15,26,70,78,65,247,251,230,874,840,919,2495,1272,1347,2389,2407,2452,30,21,5,50,58,45,166,159,161,633,455,493,1067,1020,1035,1569,1537,1607,2176,2159,2149,23,22,22,40,52,108,120,137,126,363,360,369,750,379,723,601,603,559,2819,1794,1758,32,37,28,94,69,83,240,219,223,506,533,529,1078,1168,1170,1629,1659,1599,2018,2009,2068,6,6,5
193,09:30:00,18,4,9,29,28,32,76,61,64,249,251,252,861,845,914,2512,1276,1335,2371,2406,2446,34,21,30,48,55,39,160,172,157,611,469,501,1050,1045,1039,1557,1526,1601,2184,2172,2187,16,34,16,40,30,113,134,126,128,362,345,370,749,399,732,593,610,549,2824,1809,1750,54,35,45,69,69,91,251,233,230,507,533,523,1091,1162,1182,1637,1638,1597,2041,2022,2065,8,7,1
194,09:33:00,0,13,9,12,18,18,61,72,60,246,248,236,873,845,934,2483,1273,1345,2384,2405,2459,26,25,17,47,44,62,180,144,166,618,460,510,1061,1039,1046,1599,1548,1600,2203,2163,2164,26,11,29,51,52,111,117,136,127,366,351,375,746,388,733,606,626,560,2849,1804,1740,29,27,35,83,89,93,241,230,242,479,536,508,1079,1158,1177,1651,1662,1599,2038,2058,2074,21,0,6
195,09:36:00,21,13,18,14,7,12,77,66,65,251,250,255,885,863,924,2516,1286,1349,2369,2409,2454,38,32,19,54,43,54,170,167,182,620,486,498,1053,1047,1031,1588,1550,1614,2173,2160,2185,36,30,21,52,41,111,121,144,134,358,346,356,750,398,722,596,607,555,2834,1796,1758,53,41,39,73,87,87,261,232,231,495,524,535,1078,1164,1173,1646,1646,1599,2032,2021,2088,11,3,10
196,09:39:00,18,17,4,28,29,18,72,74,67,252,245,239,870,840,903,2511,1266,1342,2359,2395,2457,26,40,41,44,62,52,180,156,189,616,460,479,1065,1040,1030,1556,1549,1608,2171,2166,2169,42,18,31,45,45,103,113,129,120,344,344,360,752,381,719,593,621,567,2836,1806,1758,49,50,41,77,74,87,251,228,250,505,538,509,1056,1150,1178,1640,1657,1603,2033,2023,2070,0,0,17
197,09:42:00,37,16,1,24,18,26,64,67,76,248,263,242,879,855,926,2514,1277,1345,2375,2399,2462,39,29,31,50,48,52,173,167,166,630,468,489,1063,1046,1046,1577,1537,1609,2191,2158,2176,26,19,24,50,51,108,128,121,134,357,349,360,751,400,732,580,609,540,2843,1786,1759,48,26,38,94,80,71,238,225,231,502,534,529,1074,1180,1187,1624,1643,1599,2011,2004,2091,9,8,7
198,09:45:00,20,11,1,28,25,11,79,76,66,248,246,236,864,832,925,2535,1299,1355,2345,2401,2427,24,15,20,58,46,59,179,163,157,624,468,505,1051,1033,1037,1559,1541,1602,2161,2176,2201,33,18,31,51,48,106,128,155,119,370,341,366,751,405,708,594,623,556,2858,1821,1762,42,36,32,80,75,84,232,236,230,510,527,528,1088,1149,1173,1639,1651,1585,2032,2023,2058,1,6,8
199,09:48:00,17,0,14,22,31,32,67,68,60,253,260,255,873,845,929,2525,1277,1352,2365,2421,2417,32,27,13,49,59,53,159,148,171,630,466,484,1051,1032,1043,1576,1525,1603,2165,2184,2170,21,0,25,55,42,107,132,131,118,363,346,365,761,393,729,602,612,557,2866,1810,1773,48,32,40,80,76,71,252,226,234,513,517,527,1083,1162,1184,1643,1645,1585,2045,2032,2096,2,0,4
200,09:51:00,13,8,19,26,19,21,71,80,89,247,257,232,875,836,924,2538,1280,1348,2383,2403,2472,30,39,25,46,44,63,189,171,174,639,471,492,1070,1032,1044,1559,1530,1600,2166,2180,2175,34,14,14,56,42,104,115,132,127,372,357,373,749,402,720,597,608,556,2857,1822,1756,30,41,36,77,88,73,240,240,241,511,539,533,1073,1157,1192,1648,1649,1593,2009,2058,2069,5,2,1
201,09:54:00,7,13,11,25,6,48,58,74,63,239,258,261,876,843,929,2553,1277,1341,2362,2380,2453,15,23,23,67,53,56,180,160,175,625,467,500,1071,1038,1054,1566,1549,1593,2179,2166,2174,35,12,22,45,44,105,117,133,137,368,345,376,766,394,737,615,625,563,2876,1811,1740,33,42,30,72,98,70,248,228,240,493,526,525,1086,1149,1174,1651,1638,1603,2021,2040,2087,5,1,0
202,09:57:00,12,12,15,25,18,29,78,72,59,244,257,248,873,861,924,2564,1302,1357,2385,2404,2461,20,27,24,47,53,52,182,176,166,616,464,502,1048,1041,1044,1573,1542,1611,2164,2142,2164,9,31,20,52,41,104,124,132,130,357,342,360,755,397,721,600,623,569,2876,1790,1745,43,50,29,67,95,74,245,230,242,495,534,517,1082,1139,1193,1649,1653,1610,2016,2050,2076,3,1,12
203,10:00:00,7,3,14,17,29,23,71,73,67,254,253,244,868,839,938,2554,1283,1334,2376,2426,2465,14,18,33,58,55,65,167,163,173,635,478,491,1063,1039,1049,1575,1532,1612,2173,2184,2189,22,24,22,33,49,104,126,124,119,350,348,380,751,390,715,609,625,555,2861,1801,1744,28,25,32,88,85,92,246,232,221,494,540,531,1100,1163,1175,1655,1645,1599,2023,2036,2072,0,5,0
204,10:03:00,29,0,9,20,17,10,59,68,88,238,256,237,876,862,920,2563,1283,1356,2395,2408,2427,28,16,29,55,45,47,172,179,164,627,461,497,1069,1048,1051,1590,1542,1608,2164,2176,2181,22,30,15,47,47,102,134,136,124,353,333,372,761,384,729,600,615,567,2896,1804,1763,49,34,26,84,86,74,243,228,234,502,523,549,1074,1165,1184,1654,1636,1602,2019,2017,2060,0,2,11
205,10:06:00,22,2,7,25,23,36,71,67,58,249,264,259,874,850,934,2575,1276,1343,2365,2435,2454,19,26,27,41,60,53,170,156,166,620,477,495,1070,1036,1047,1553,1533,1589,2169,2171,2196,26,9,23,44,44,105,124,133,131,364,349,367,757,389,723,605,600,556,2879,1773,1761,36,26,36,82,80,83,240,230,242,508,510,516,1082,1171,1186,1623,1651,1598,2041,2023,2080,14,6,0
206,10:09:00,17,14,10,17,25,18,75,62,69,259,258,250,873,839,930,2573,1285,1357,2399,2415,2450,40,22,37,38,43,52,185,160,184,617,463,486,1047,1046,1028,1581,1558,1627,2179,2155,2176,37,13,24,48,50,95,114,139,129,354,349,368,754,392,716,598,602,551,2859,1807,1736,36,39,26,72,88,86,255,218,235,500,525,524,1086,1158,1181,1648,1659,1580,2028,2051,2067,19,10,0
207,10:12:00,20,14,8,25,9,17,75,72,71,271,246,237,865,858,921,2569,1285,1343,2399,2406,2459,33,27,37,62,53,72,178,146,169,632,468,492,1065,1040,1036,1576,1540,1610,2170,2179,2179,27,30,18,46,45,116,127,136,139,357,348,367,743,387,721,595,613,550,2878,1787,1744,46,43,37,79,87,89,250,233,238,506,537,528,1075,1155,1187,1659,1653,1610,2031,2039,2074,10,2,3
208,10:15:00,18,0,11,28,30,23,81,65,70,249,255,256,881,848,929,2590,1294,1352,2370,2428,2453,25,27,19,52,61,54,179,153,172,619,477,482,1040,1030,1035,1567,1526,1593,2174,2174,2187,25,30,19,47,32,117,110,137,130,360,350,378,745,383,723,598,594,581,2895,1786,1749,41,54,34,78,70,73,252,217,241,503,527,519,1071,1158,1176,1645,1662,1611,2039,2032,2071,3,12,13
209,10:18:00,21,24,17,20,24,16,77,73,64,246,247,258,858,842,928,2578,1266,1352,2370,2407,2455,27,22,20,48,44,68,168,153,173,642,469,484,1063,1044,1037,1576,1532,1618,2175,2166,2190,17,29,21,41,48,107,122,127,132,349,345,357,747,407,728,593,617,557,2873,1792,1755,33,35,34,72,87,73,244,230,260,499,529,535,1080,1154,1180,1642,1672,1597,2048,2043,2091,23,5,2
210,10:21:00,13,8,4,20,17,13,85,83,68,248,257,251,882,845,926,2583,1282,1373,2379,2392,2447,33,21,29,49,51,57,180,152,159,634,454,492,1068,1043,1032,1575,1553,1622,2181,2181,2177,28,18,27,44,49,101,124,139,133,364,344,388,752,395,725,603,617,568,2878,1803,1758,33,45,43,72,76,76,244,237,244,515,518,524,1083,1162,1189,1638,1652,1601,2031,2022,2070,6,0,0
211,10:24:00,21,10,5,18,13,18,73,72,72,257,255,252,881,850,936,2604,1277,1353,2366,2396,2454,39,19,28,59,48,56,160,160,164,618,467,489,1044,1042,1022,1576,1555,1604,2196,2150,2169,31,11,17,44,32,121,119,135,129,361,351,354,758,396,732,605,611,569,2877,1807,1760,42,26,33,86,100,72,251,231,240,505,529,523,1082,1167,1164,1625,1666,1601,2031,2039,2080,4,2,0
212,10:27:00,15,10,0,19,25,19,82,81,76,242,250,249,876,864,919,2612,1301,1346,2377,2427,2464,36,22,25,47,50,38,170,156,170,628,463,499,1074,1035,1040,1577,1549,1622,2179,2151,2192,23,24,23,36,53,106,117,130,111,366,343,365,759,397,711,611,622,558,2902,1826,1763,37,44,39,72,94,75,249,236,222,510,531,513,1069,1157,1182,1633,1649,1598,2033,2042,2090,11,0,0
213,10:30:00,13,9,27,18,13,8,83,89,72,252,258,261,880,848,927,2624,1278,1344,2360,2396,2447,29,34,26,62,56,51,168,177,168,627,466,495,1069,1049,1035,1570,1539,1616,2154,2168,2186,42,13,28,43,32,106,123,131,131,365,354,363,748,395,728,606,609,561,2935,1803,1747,27,54,32,76,84,81,254,222,231,483,536,532,1075,1159,1188,1653,1642,1588,2039,2037,2084,8,0,4
214,10:33:00,19,4,14,24,16,22,65,58,73,243,261,264,876,860,933,2615,1276,1344,2364,2399,2434,21,23,20,37,40,54,174,155,167,645,467,496,1067,1043,1034,1572,1551,1620,2170,2152,2192,28,20,13,45,41,108,123,140,135,357,344,364,738,392,723,605,613,582,2933,1786,1755,36,33,34,69,76,77,245,230,226,501,540,524,1069,1151,1174,1659,1638,1596,2017,2021,2060,3,0,3
215,10:36:00,20,7,15,27,23,21,56,60,75,252,261,259,874,838,935,2628,1284,1347,2372,2418,2431,25,22,18,67,41,53,184,163,172,634,462,488,1067,1052,1042,1573,1534,1616,2157,2170,2183,16,21,20,41,41,120,125,136,125,365,361,369,752,393,740,608,612,548,2917,1804,1759,29,33,40,79,79,80,250,228,240,517,528,527,1077,1174,1208,1640,1654,1606,2016,2065,2066,11,6,7
216,10:39:00,25,0,7,21,17,21,72,63,77,241,255,249,877,854,928,2644,1290,1369,2383,2398,2472,23,12,11,48,54,56,171,168,173,618,464,498,1065,1045,1038,1551,1534,1614,2175,2179,2181,21,33,16,45,37,102,120,129,129,363,348,365,763,400,737,605,591,572,2911,1782,1758,37,45,32,77,87,69,241,227,243,511,533,528,1079,1163,1187,1629,1647,1603,2024,2021,2077,3,6,5
217,10:42:00,30,15,10,17,18,19,70,63,72,259,267,247,868,859,931,2628,1298,1349,2361,2435,2456,14,19,35,51,60,49,164,157,176,620,471,504,1060,1033,1051,1583,1541,1635,2190,2181,2209,26,36,24,44,43,122,123,124,127,354,346,370,762,390,727,602,622,570,2941,1816,1776,33,28,24,81,86,81,248,218,230,506,525,539,1077,1166,1179,1664,1651,1591,2046,2042,2076,16,0,0
218,10:45:00,19,9,13,30,32,15,83,70,74,239,253,240,872,860,915,2644,1291,1367,2379,2384,2445,20,21,7,67,52,53,170,161,170,635,461,479,1059,1058,1044,1579,1543,1611,2160,2160,2216,27,28,9,51,45,111,122,131,122,362,355,366,753,390,718,605,596,549,2939,1800,1736,45,27,29,73,78,72,253,229,243,501,520,529,1073,1165,1163,1640,1663,1605,2025,2041,2072,0,6,11
219,10:48:00,8,25,15,24,28,10,73,66,87,256,254,239,869,865,933,2652,1302,1352,2384,2408,2450,9,25,12,58,51,49,167,157,176,641,466,490,1067,1044,1038,1561,1535,1610,2156,2172,2191,31,18,22,38,47,104,123,118,132,362,338,363,760,390,714,608,606,546,2952,1784,1754,46,41,41,82,88,61,259,246,245,508,521,528,1074,1160,1172,1659,1648,1607,2029,2010,2072,0,5,0
220,10:51:00,23,5,0,25,22,26,77,77,74,256,280,246,868,850,940,2654,1315,1371,2368,2409,2444,16,15,35,55,52,46,170,160,179,638,470,499,1064,1052,1041,1586,1539,1623,2175,2186,2189,27,25,25,41,31,116,113,136,130,356,350,369,747,393,722,609,604,551,2961,1783,1745,40,35,47,85,115,76,256,236,236,507,532,533,1085,1158,1194,1641,1641,1612,2023,2037,2079,6,0,0
221,10:54:00,14,2,4,18,13,13,66,69,83,235,250,250,877,851,933,2670,1276,1363,2385,2400,2437,17,13,23,44,46,68,186,154,162,627,479,493,1076,1045,1061,1565,1542,1611,2180,2168,2155,46,22,18,47,36,112,121,128,126,362,362,372,759,387,726,597,605,549,2945,1799,1762,37,28,38,67,93,76,235,235,237,503,522,520,1069,1165,1185,1637,1647,1594,2033,2050,2092,18,12,7
222,10:57:00,19,17,21,22,34,15,61,74,71,258,261,248,884,840,947,2685,1278,1358,2378,2389,2461,28,34,38,57,73,49,167,169,162,637,468,504,1062,1045,1041,1586,1542,1613,2192,2169,2178,23,26,16,47,38,109,134,146,124,366,363,364,741,391,735,602,612,560,2940,1804,1758,32,41,30,86,82,90,246,231,237,499,527,519,1077,1158,1199,1647,1643,1605,2035,2027,2059,0,8,3
223,11:00:00,17,1,6,24,10,22,84,76,80,249,251,248,881,851,954,2676,1282,1361,2369,2388,2457,20,38,34,55,55,50,171,162,173,640,465,503,1066,1060,1035,1587,1550,1610,2197,2147,2186,39,33,29,57,48,108,126,136,141,369,341,375,753,372,719,600,613,563,2937,1812,1762,43,35,55,83,81,75,240,233,237,515,536,537,1087,1185,1196,1655,1643,1620,2024,2029,2066,6,2,19
224,11:03:00,19,0,10,8,26,20,79,84,71,250,258,239,869,869,939,2683,1290,1372,2399,2405,2452,35,23,26,59,45,52,171,166,173,625,474,482,1055,1051,1028,1567,1549,1615,2199,2199,2179,32,24,18,37,50,132,122,139,131,360,339,357,773,395,726,610,614,567,2936,1802,1742,40,27,38,78,82,80,250,246,232,506,528,527,1088,1173,1195,1651,1651,1600,2029,2034,2099,6,0,9
225,11:06:00,25,17,5,14,26,18,74,74,63,261,262,262,881,872,945,2675,1287,1346,2376,2413,2461,19,28,9,55,46,56,181,175,163,640,456,508,1058,1061,1046,1594,1534,1608,2175,2164,2182,24,26,17,35,50,109,121,136,131,358,362,358,765,387,720,605,615,564,2946,1796,1744,36,29,39,87,85,76,255,245,219,509,536,524,1087,1162,1160,1653,1650,1599,2018,2038,2078,11,0,0
226,11:09:00,28,0,5,22,22,5,66,72,84,257,255,255,881,862,969,2681,1287,1355,2404,2402,2440,29,15,21,58,69,45,173,163,163,639,469,498,1065,1042,1045,1585,1536,1584,2178,2166,2179,41,23,22,33,33,110,125,157,137,370,347,372,760,378,727,605,615,564,2975,1799,1760,28,31,24,82,84,65,253,241,243,503,534,522,1085,1159,1179,1651,1656,1600,2008,2065,2092,0,10,0
227,11:12:00,24,7,1,6,25,25,80,72,71,245,251,240,883,854,942,2686,1282,1343,2391,2412,2434,25,22,42,64,55,49,181,154,166,620,463,510,1077,1033,1045,1580,1552,1616,2174,2185,2180,32,22,16,44,46,109,122,141,126,346,353,363,728,393,724,607,622,569,2971,1796,1748,31,35,44,76,91,83,241,225,228,498,533,537,1072,1165,1196,1646,1679,1604,2035,2021,2065,5,0,0
228,11:15:00,18,6,4,23,19,21,71,68,72,263,263,244,873,871,954,2696,1273,1347,2380,2402,2450,23,26,23,47,56,57,173,161,164,639,466,500,1071,1047,1044,1580,1551,1603,2179,2158,2180,30,34,28,58,39,118,113,129,131,362,342,360,770,386,721,611,620,569,2965,1805,1763,35,29,37,88,84,76,240,231,235,505,537,533,1081,1171,1172,1659,1658,1588,2023,2046,2080,15,10,0
229,11:18:00,14,17,0,13,22,13,81,84,84,251,260,239,882,857,940,2689,1287,1349,2373,2411,2450,28,30,26,55,57,57,168,163,176,621,484,496,1068,1061,1041,1582,1534,1615,2185,2158,2185,25,29,28,51,53,127,120,122,134,365,329,365,762,375,718,598,613,562,2996,1802,1773,32,42,24,75,78,74,244,221,229,490,529,527,1087,1176,1171,1658,1665,1597,2032,2034,2077,8,1,3
230,11:21:00,28,10,14,33,29,25,78,76,80,262,259,252,886,862,944,2704,1281,1358,2360,2382,2456,29,18,25,46,51,37,182,161,167,636,467,487,1081,1044,1043,1579,1545,1625,2190,2161,2180,30,15,24,59,35,105,118,129,128,370,335,366,762,372,736,604,604,555,2977,1800,1774,43,37,40,93,83,74,264,235,238,520,545,511,1079,1162,1197,1647,1648,1618,2039,2036,2085,5,10,0
231,11:24:00,20,1,0,25,17,8,75,77,65,264,268,246,877,857,938,2719,1305,1361,2408,2410,2473,26,29,24,64,50,52,185,161,166,624,480,486,1073,1035,1055,1565,1536,1611,2182,2156,2198,33,22,35,45,49,111,121,123,131,366,347,363,754,390,731,618,612,566,2975,1798,1755,41,51,43,81,74,65,242,241,232,515,528,526,1091,1153,1177,1643,1655,1605,2037,2032,2067,0,0,0
232,11:27:00,15,6,23,22,13,42,76,82,80,259,262,244,864,839,939,2736,1289,1358,2378,2423,2439,29,41,33,56,53,43,178,156,168,627,459,491,1061,1061,1049,1575,1545,1637,2187,2157,2182,19,14,27,33,42,122,111,143,122,371,355,364,758,374,730,615,617,568,2969,1792,1753,35,44,21,75,93,83,253,235,254,505,536,527,1103,1178,1201,1660,1639,1618,2020,2045,2072,6,14,0
233,11:30:00,13,11,4,22,40,19,73,70,80,252,243,257,889,838,939,2746,1290,1364,2378,2442,2449,39,39,26,49,54,51,179,161,178,625,471,498,1069,1047,1047,1571,1541,1605,2183,2148,2197,27,9,20,47,41,120,120,120,136,356,344,357,764,391,746,604,609,559,2967,1807,1769,33,34,46,92,98,79,242,228,242,508,542,533,1089,1172,1178,1666,1668,1587,2018,2042,2082,0,4,0
234,11:33:00,15,3,2,12,21,15,69,82,62,267,253,258,878,870,935,2726,1310,1372,2385,2403,2439,21,31,16,56,60,49,183,168,186,632,479,490,1071,1043,1047,1569,1564,1623,2160,2181,2195,28,14,13,43,48,115,127,140,120,350,359,367,752,397,720,598,604,578,2987,1801,1757,44,39,40,86,82,76,252,234,244,503,526,535,1083,1156,1172,1661,1648,1611,2021,2031,2080,0,0,8
235,11:36:00,29,9,13,27,11,18,62,74,62,254,246,253,878,863,954,2739,1309,1366,2383,2416,2456,21,34,20,58,46,60,182,166,173,631,461,489,1085,1055,1054,1588,1552,1628,2161,2168,2184,27,9,25,44,43,123,131,131,124,359,344,373,759,388,733,608,628,562,3005,1804,1744,29,44,42,94,89,87,256,230,246,513,531,524,1093,1172,1177,1642,1649,1591,2022,2024,2084,6,0,6
236,11:39:00,25,7,2,7,31,23,75,70,83,247,267,250,861,849,949,2735,1287,1376,2361,2408,2474,15,20,29,45,72,58,182,169,165,647,480,496,1085,1065,1046,1572,1557,1625,2181,2160,2195,24,22,22,34,47,113,131,141,135,355,345,378,740,385,742,604,605,556,2997,1794,1765,45,28,35,76,83,73,251,232,248,490,541,540,1089,1171,1182,1629,1648,1598,2043,2044,2067,4,19,2
237,11:42:00,15,10,17,17,25,16,72,65,78,245,262,265,889,856,933,2742,1292,1359,2399,2425,2451,29,18,29,58,57,47,173,159,180,635,480,498,1068,1051,1029,1569,1557,1624,2181,2170,2222,21,20,20,42,42,123,128,127,131,373,351,354,745,395,738,618,598,553,3005,1818,1758,22,43,41,75,91,79,252,234,239,501,524,535,1089,1170,1190,1652,1654,1603,2035,2038,2074,6,0,4
238,11:45:00,17,5,17,27,19,22,85,79,75,250,257,254,885,863,936,2784,1306,1355,2377,2427,2451,15,28,32,60,46,53,179,154,181,627,473,489,1073,1062,1056,1568,1552,1605,2182,2159,2185,29,25,25,46,51,114,120,135,120,358,357,373,743,392,747,606,616,559,2994,1824,1751,37,45,40,74,81,70,250,227,246,510,529,542,1074,1172,1200,1646,1653,1616,2040,2030,2075,9,2,1
239,11:48:00,18,8,20,16,19,15,83,63,72,262,256,244,909,854,941,2772,1294,1357,2386,2414,2437,32,23,32,45,53,58,165,172,170,628,475,502,1061,1061,1045,1574,1543,1623,2192,2164,2203,21,25,19,54,49,114,117,133,132,356,352,366,747,396,740,604,611,554,2995,1787,1767,36,42,40,83,85,78,251,233,239,497,529,520,1096,1164,1185,1635,1657,1583,2022,2041,2072,16,2,7
240,11:51:00,15,7,8,20,21,25,69,70,71,261,255,274,904,868,957,2772,1295,1362,2361,2394,2445,26,32,33,51,63,62,174,162,171,639,468,498,1071,1046,1043,1587,1547,1629,2161,2159,2213,29,26,21,50,44,131,117,132,118,355,348,370,752,397,735,615,615,569,3051,1821,1755,40,33,42,77,85,68,252,232,250,503,533,525,1101,1173,1182,1639,1658,1609,2045,2031,2065,15,0,2
241,11:54:00,19,11,6,23,9,34,68,69,78,250,257,248,902,864,916,2771,1298,1363,2382,2393,2436,29,19,20,64,49,45,176,174,172,616,481,515,1059,1059,1056,1582,1543,1606,2174,2159,2212,26,29,20,41,37,122,121,138,132,373,361,370,752,394,717,591,601,570,3022,1806,1758,43,37,40,87,79,78,244,234,233,489,537,516,1082,1178,1195,1652,1655,1608,2027,2010,2081,5,4,0
242,11:57:00,26,3,3,30,15,21,75,68,81,246,256,256,874,877,948,2783,1296,1368,2387,2391,2453,21,22,16,56,42,56,174,160,173,639,485,497,1062,1055,1058,1553,1541,1623,2189,2188,2218,27,22,25,49,39,125,109,126,115,367,357,366,763,389,738,589,625,561,3020,1814,1770,24,25,26,83,89,78,247,231,232,494,520,525,1074,1163,1192,1649,1645,1614,2040,2036,2056,0,0,0
243,12:00:00,21,6,11,25,14,18,72,67,73,253,265,252,899,854,932,2761,1287,1351,2366,2421,2450,33,36,33,41,58,61,174,171,175,640,481,502,1077,1042,1050,1594,1550,1646,2174,2185,2200,14,27,19,36,46,116,117,131,124,374,338,371,753,398,709,604,613,557,3021,1798,1745,38,33,29,79,84,87,255,235,246,497,522,541,1086,1155,1185,1648,1662,1635,2042,2054,2076,13,17,7
